sample	gene	diplotype
HG00111	CYP2D6	*3/*3
HG00122	CYP3A4	*1/*10
HG00133	TPMT	*1/*2
HG00139	CYP3A4	*1/*38
HG00156	CYP2D6	*5/*5
HG00276	CYP1A1	*1/*1
HG00276	CYP1A2	*1A/*1F
HG00276	CYP2A6	*1/*1
HG00276	CYP2C8	*1/*3
HG00276	CYP2C9	*1/*2
HG00276	CYP2C19	*1/*1
HG00276	CYP2D6	*4/*5
HG00276	CYP2E1	*1/*1
HG00276	CYP3A4	*1/*2
HG00276	CYP3A5	*3/*3
HG00276	CYP4F2	*1/*1
HG00276	GSTP1	*A/*B
HG00276	NAT1	*4/*4
HG00276	SLC15A2	*1/*1
HG00276	SLCO1B1	*1/*15
HG00276	TPMT	*1/*16
HG00276	UGT1A1	*60/*28
HG00276	UGT2B7	*1/*1
HG00276	UGT2B15	*1/*5
HG00276	UGT2B17	*2/*2
HG00277	NUDT15	*1/*6
HG00304	TPMT	*3A/*16
HG00334	CYP3A4	*1/*7
HG00337	CYP2D6	*2x2/*22
HG00368	CYP3A4	*1/*8
HG00373	CYP2D6	*2/*2
HG00421	CYP2D6	*2/*10x2
HG00423	CYP2D6	*10/*10x2
HG00436	CYP1A1	*1/*1
HG00436	CYP1A2	*1A/*1F
HG00436	CYP2A6	*9/*9
HG00436	CYP2B6	*1/*6
HG00436	CYP2C8	*1/*1
HG00436	CYP2C9	*1/*1
HG00436	CYP2C19	*1/*1
HG00436	CYP2D6	*2x2/*71
HG00436	CYP3A4	*1/*1
HG00436	CYP3A5	*3/*3
HG00436	GSTP1	*A/*B
HG00436	NAT1	*4/*4
HG00436	SLC15A2	*2/*2
HG00436	SLC22A2	*1/*1
HG00436	SLCO1B1	*1B/*1B
HG00436	TPMT	*1/*1
HG00436	UGT2B7	*1/*2
HG00436	UGT2B15	*2/*5
HG00437	NUDT15	*1/*5
HG00452	CYP3A4	*1/*18
HG00524	NUDT15	*3/*3
HG00525	CYP3A4	*1/*4
HG00589	CYP1A1	*2/*2
HG00589	CYP2A6	*1/*1
HG00589	CYP2B6	*1/*1
HG00589	CYP2C8	*1/*1
HG00589	CYP2C9	*1/*1
HG00589	CYP2C19	*1/*1
HG00589	CYP2D6	*1/*21
HG00589	CYP3A4	*1/*1
HG00589	CYP3A5	*3/*3
HG00589	CYP4F2	*1/*1
HG00589	GSTP1	*A/*A
HG00589	NAT1	*4/*4
HG00589	SLC15A2	*2/*2
HG00589	SLC22A2	*1/*1
HG00589	SLCO1B1	*1B/*1B
HG00589	TPMT	*1/*3C
HG00589	UGT2B7	*1/*2
HG00589	UGT2B15	*1/*2
HG00589	UGT2B17	*2/*2
HG00599	NUDT15	*2/*2
HG00704	CYP3A4	*1/*18
HG00734	CYP3A4	*10/*22
HG01083	TPMT	*1/*2
HG01086	CYP2D6	*1/*31
HG01086	NUDT15	*2/*9
HG01094	CYP2D6	*1/*31
HG01108	CYP2D6	*2/*106
HG01190	CYP1A1	*1/*1
HG01190	CYP1A2	*1A/*1A
HG01190	CYP2A6	*1/*1
HG01190	CYP2C8	*1/*3
HG01190	CYP2C9	*1/*61
HG01190	CYP2C19	*1/*2
HG01190	CYP2E1	*1/*7
HG01190	CYP3A4	*1/*1B
HG01190	CYP3A5	*1/*1
HG01190	CYP4F2	*1/*3
HG01190	GSTP1	*A/*B
HG01190	NAT1	*4/*4
HG01190	SLC15A2	*1/*1
HG01190	SLC22A2	*1/*3
HG01190	SLCO1B1	*1/*1
HG01190	TPMT	*1/*1
HG01190	UGT2B7	*1/*2
HG01275	CYP3A4	*1/*20
HG01359	NUDT15	*1/*4
HG01456	CYP2C9	*1/*1
HG01456	CYP2C19	*1/*1
HG01465	NUDT15	*1/*4
HG01474	TPMT	*1/*40
HG01680	CYP2D6	*28/*59
HG01697	CYP2C9	*1/*1
HG01697	CYP2C19	*17/*17
HG01809	CYP2C9	*1/*13
HG01809	CYP2C19	*2/*2
HG01816	CYP3A4	*1/*5
HG01865	CYP3A4	*1/*4
HG02029	CYP3A4	*1/*28
HG02054	CYP3A4	*1/*23
HG02087	CYP2C9	*1/*13
HG02087	CYP2C19	*1/*2
HG02134	CYP3A4	*1/*18
HG02146	CYP3A4	*1/*9
HG02496	TPMT	*1/*24
HG02852	CYP2C9	*1/*11
HG02852	CYP2C19	*2/*35
HG02861	CYP2C9	*1/*11
HG02861	CYP2C19	*2/*35
HG02952	CYP3A4	*1/*23
HG03159	CYP3A4	*1/*12
HG03225	CYP2D6	*5/*56
HG03246	CYP2D6	*5/*43
HG03259	CYP2D6	*5/*106
HG03370	CYP2C9	*1/*1
HG03370	CYP2C19	*2/*35
HG03521	TPMT	*1/*46
HG03619	CYP2D6	*2/*113
HG03643	CYP2D6	*2/*7
HG03703	CYP2D6	*1/*99
HG03780	CYP2D6	*1/*112
HG03781	CYP2D6	*2/*99
HG03882	CYP2D6	*1/*112
HG03885	CYP3A4	*1/*19
HG04206	CYP2D6	*2/*113
NA02016	CYP2C9	*1/*1
NA02016	CYP2C19	*1/*2
NA02016	CYP2D6	*2XN/*17
NA02016	UGT1A1	*1/*1
NA02016	HLA-A	*30:02:01
NA02016	HLA-B	*58:01:01
NA02016	HLA-C	*07:18
NA02016	HLA-DRB1	*14:54:01
NA02016	HLA-DQA1	*04:01:02
NA02016	HLA-DQB1	*05:01:01
NA02016	HLA-DPA1	*01:03:01
NA02016	HLA-DPB1	*03:01:01
NA06989	CYP2D6	*9/*9
NA06991	CYP1A1	*1/*1
NA06991	CYP1A2	*1F/*1F
NA06991	CYP2A6	*1/*1
NA06991	CYP2B6	*1/*6
NA06991	CYP2C8	*1/*1
NA06991	CYP2C9	*1/*1
NA06991	CYP2C19	*1/*1
NA06991	CYP2D6	*1/*4
NA06991	CYP2E1	*1/*1
NA06991	CYP3A4	*1/*1
NA06991	CYP3A5	*3/*3
NA06991	CYP4F2	*1/*1
NA06991	GSTM1	*A/*B
NA06991	GSTP1	*B/*B
NA06991	NAT1	*4/*11
NA06991	SLC15A2	*1/*1
NA06991	SLC22A2	*1/*3
NA06991	SLCO1B1	*15/*15
NA06991	TPMT	*1/*1
NA06991	UGT1A1	*60/*60
NA06991	UGT2B7	*1/*2
NA06993	CYP2B6	*1/*1
NA06993	CYP2C8	*1/*3
NA06993	CYP2C9	*1/*2
NA06993	CYP2C19	*1/*1
NA06993	CYP3A4	*1/*22
NA06993	CYP3A5	*3/*3
NA06993	SLCO1B1	*1/*15
NA06993	TPMT	*1/*1
NA07000	CYP2B6	*1/*1
NA07000	CYP2C8	*1/*1
NA07000	CYP2C9	*1/*1
NA07000	CYP2C19	*1/*17
NA07000	CYP3A4	*1/*1
NA07000	CYP3A5	*1/*3
NA07000	NUDT15	*1/*6
NA07000	SLCO1B1	*1/*15
NA07000	TPMT	*1/*1
NA07019	CYP1A1	*1/*4
NA07019	CYP1A2	*1A/*1F
NA07019	CYP2A6	*1/*1
NA07019	CYP2C8	*1/*1
NA07019	CYP2C9	*1/*1
NA07019	CYP2C19	*1/*17
NA07019	CYP2D6	*1/*4
NA07019	CYP2E1	*1/*1
NA07019	CYP3A4	*1/*1
NA07019	CYP3A5	*3/*3
NA07019	CYP4F2	*1/*3
NA07019	GSTP1	*B/*B
NA07019	NAT1	*4/*4
NA07019	SLC15A2	*1/*1
NA07019	SLC22A2	*1/*3
NA07019	SLCO1B1	*1/*14
NA07019	TPMT	*1/*1
NA07019	UGT1A1	*1/*60
NA07019	UGT2B7	*2/*2
NA07029	CYP1A1	*1/*1
NA07029	CYP1A2	*1A/*1F
NA07029	CYP2A6	*1/*1
NA07029	CYP2C8	*1/*3
NA07029	CYP2C9	*1/*2
NA07029	CYP2C19	*8/*17
NA07029	CYP2D6	*1/*35
NA07029	CYP2E1	*1/*1
NA07029	CYP3A4	*1/*1
NA07029	CYP3A5	*1/*3
NA07029	CYP4F2	*3/*3
NA07029	GSTM1	*A/*A
NA07029	GSTP1	*A/*A
NA07029	NAT1	*4/*4
NA07029	SLC15A2	*1/*2
NA07029	SLCO1B1	*1/*1
NA07029	TPMT	*1/*1
NA07029	UGT1A1	*1/*1
NA07029	UGT2B7	*2/*2
NA07029	UGT2B15	*1/*5
NA07048	CYP2B6	*1/*1
NA07048	CYP2C8	*1/*18
NA07048	CYP2C9	*1/*1
NA07048	CYP2C19	*1/*17
NA07048	CYP2D6	*1/*4
NA07048	CYP3A4	*1/*1
NA07048	CYP3A5	*3/*3
NA07048	SLCO1B1	*1/*1
NA07048	TPMT	*1/*1
NA07055	CYP1A1	*1/*5
NA07055	CYP1A2	*1F/*1F
NA07055	CYP2A6	*1/*1
NA07055	CYP2C8	*1/*1
NA07055	CYP2C9	*1/*1
NA07055	CYP2C19	*1/*17
NA07055	CYP2D6	*4/*4
NA07055	CYP2E1	*1/*1
NA07055	CYP3A4	*1/*1
NA07055	CYP3A5	*3/*3
NA07055	CYP4F2	*1/*1
NA07055	GSTM1	*A/*A
NA07055	GSTP1	*A/*A
NA07055	NAT1	*4/*17
NA07055	SLC15A2	*1/*2
NA07055	SLCO1B1	*1/*14
NA07055	TPMT	*1/*1
NA07055	UGT1A1	*1/*1
NA07055	UGT2B7	*1/*1
NA07055	UGT2B15	*1/*2
NA07056	CYP1A1	*1/*1
NA07056	CYP1A2	*1A/*1A
NA07056	CYP2A6	*1/*1
NA07056	CYP2C8	*1/*1
NA07056	CYP2C9	*1/*1
NA07056	CYP2C19	*1/*1
NA07056	CYP2D6	*2/*4
NA07056	CYP2E1	*1/*1
NA07056	CYP3A4	*1/*22
NA07056	CYP3A5	*3/*3
NA07056	CYP4F2	*3/*3
NA07056	GSTP1	*A/*B
NA07056	NAT1	*4/*4
NA07056	SLC15A2	*1/*2
NA07056	SLCO1B1	*1/*14
NA07056	TPMT	*1/*1
NA07056	UGT1A1	*60/*28
NA07056	UGT2B7	*2/*2
NA07348	CYP1A1	*1/*1
NA07348	CYP1A2	*1F/*1F
NA07348	CYP2A6	*1/*1
NA07348	CYP2B6	*1/*1
NA07348	CYP2C8	*1/*4
NA07348	CYP2C9	*1/*1
NA07348	CYP2C19	*2/*17
NA07348	CYP2D6	*1/*6
NA07348	CYP2E1	*1/*7
NA07348	CYP3A4	*1/*1
NA07348	CYP3A5	*3/*3
NA07348	CYP4F2	*1/*1
NA07348	GSTM1	*A/*A
NA07348	GSTP1	*A/*A
NA07348	NAT1	*4/*4
NA07348	SLC15A2	*1/*2
NA07348	SLCO1B1	*1/*1
NA07348	TPMT	*1/*1
NA07348	UGT1A1	*60/*60
NA07348	UGT2B7	*1/*2
NA07348	UGT2B15	*2/*5
NA07357	CYP1A1	*1/*1
NA07357	CYP1A2	*1F/*1F
NA07357	CYP2A6	*1/*1
NA07357	CYP2B6	*1/*1
NA07357	CYP2C8	*1/*4
NA07357	CYP2C9	*1/*1
NA07357	CYP2C19	*2/*17
NA07357	CYP2D6	*1/*6
NA07357	CYP3A4	*1/*1
NA07357	CYP3A5	*3/*3
NA07357	CYP4F2	*1/*1
NA07357	GSTP1	*A/*A
NA07357	NAT1	*4/*4
NA07357	SLC15A2	*1/*1
NA07357	SLCO1B1	*1/*15
NA07357	TPMT	*1/*1
NA07357	UGT2B7	*1/*2
NA07357	UGT2B15	*1/*5
NA07439	CYP1A1	*1/*1
NA07439	CYP1A2	*1F/*1L
NA07439	CYP2A6	*1/*1
NA07439	CYP2B6	*1/*6
NA07439	CYP2C8	*1/*1
NA07439	CYP2C9	*1/*9
NA07439	CYP2C19	*2/*10
NA07439	CYP2D6	*4x2/*41
NA07439	CYP2E1	*1/*7
NA07439	CYP3A4	*1/*1
NA07439	CYP3A5	*1/*1
NA07439	CYP4F2	*1/*2
NA07439	GSTM1	*A/*A
NA07439	GSTP1	*A/*A
NA07439	NAT1	*4/*4
NA07439	SLC15A2	*1/*2
NA07439	SLC22A2	*1/*3
NA07439	SLCO1B1	*1b/*14
NA07439	TPMT	*1/*1
NA07439	UGT2B7	*1/*2
NA07439	UGT2B15	*1/*2
NA07439	HLA-A	*68:02:01
NA07439	HLA-B	*53:01:01
NA07439	HLA-C	*17:01:01
NA07439	HLA-DRB1	*15:03:01
NA07439	HLA-DQA1	*03:01:01
NA07439	HLA-DQB1	*06:02:01
NA07439	HLA-DPA1	*03:01
NA07439	HLA-DPB1	*105:01:01
NA09301	CYP2C9	*1/*1
NA09301	UGT1A1	*28/*28
NA09301	HLA-A	*30:01:01
NA09301	HLA-B	*49:01:01
NA09301	HLA-C	*07:01:01
NA09301	HLA-DRB1	*11:04:01
NA09301	HLA-DQA1	*05:05:01
NA09301	HLA-DQB1	*03:01:01
NA09301	HLA-DPA1	*02:01:01
NA09301	HLA-DPB1	*17:01:01
NA10005	CYP2D6	*17/*29
NA10005	UGT1A1	*1/*1
NA10005	HLA-A	*33:03:01
NA10005	HLA-B	*44:02:01
NA10005	HLA-C	*05:01:01
NA10005	HLA-DRB1	*15:03:01
NA10005	HLA-DQA1	*03:03:01
NA10005	HLA-DQB1	*06:02:01
NA10005	HLA-DPB1	*350:01
NA10831	CYP1A1	*1/*1
NA10831	CYP1A2	*1A/*1F
NA10831	CYP2A6	*1/*2
NA10831	CYP2B6	*1/*1
NA10831	CYP2C8	*1/*1
NA10831	CYP2C9	*1/*2
NA10831	CYP2C19	*1/*17
NA10831	CYP2D6	*4/*5
NA10831	CYP2E1	*1/*7
NA10831	CYP3A4	*1/*1
NA10831	CYP3A5	*3/*3
NA10831	CYP4F2	*1/*1
NA10831	GSTP1	*A/*A
NA10831	NAT1	*4/*4
NA10831	SLC15A2	*1/*2
NA10831	SLCO1B1	*1/*14
NA10831	TPMT	*1/*1
NA10831	UGT2B7	*1/*2
NA10831	UGT2B15	*5/*5
NA10831	UGT2B17	*2/*2
NA10838	CYP2B6	*6/*6
NA10838	CYP2C8	*1/*1
NA10838	CYP2C9	*1/*1
NA10838	CYP2C19	*1/*1
NA10838	CYP2D6	*2/*4
NA10838	CYP3A4	*1/*1
NA10838	CYP3A5	*3/*3
NA10838	SLCO1B1	*1/*1
NA10838	TPMT	*1/*1
NA10846	CYP2B6	*1/*1
NA10846	CYP2C8	*1/*1
NA10846	CYP2C9	*1/*1
NA10846	CYP2C19	*1/*17
NA10846	CYP2D6	*1/*4
NA10846	CYP3A4	*1/*1
NA10846	CYP3A5	*3/*3
NA10846	SLCO1B1	*1/*1
NA10846	TPMT	*1/*1
NA10847	CYP1A1	*1/*1
NA10847	CYP1A2	*1F/*1F
NA10847	CYP2A6	*1/*1
NA10847	CYP2B6	*1/*6
NA10847	CYP2C8	*1/*1
NA10847	CYP2C9	*1/*1
NA10847	CYP2C19	*1/*1
NA10847	CYP2D6	*1/*41
NA10847	CYP2E1	*1/*1
NA10847	CYP3A4	*1/*1
NA10847	CYP3A5	*3/*3
NA10847	CYP4F2	*1/*1
NA10847	GSTM1	*A/*A
NA10847	GSTP1	*A/*B
NA10847	NAT1	*4/*4
NA10847	SLC15A2	*1/*2
NA10847	SLCO1B1	*5/*15
NA10847	TPMT	*1/*1
NA10847	UGT1A1	*60/*28
NA10847	UGT2B7	*1/*2
NA10847	UGT2B15	*2/*2
NA10851	CYP1A1	*1/*1
NA10851	CYP1A2	*1F/*1F
NA10851	CYP2A6	*1/*2
NA10851	CYP2C8	*1/*1
NA10851	CYP2C9	*1/*1
NA10851	CYP2C19	*1/*17
NA10851	CYP2D6	*1/*4
NA10851	CYP2E1	*1/*1
NA10851	CYP3A4	*1/*1
NA10851	CYP3A5	*3/*3
NA10851	CYP4F2	*1/*1
NA10851	NAT1	*4/*4
NA10851	SLC15A2	*1/*2
NA10851	SLCO1B1	*1/*14
NA10851	TPMT	*1/*1
NA10851	UGT1A1	*1/*1
NA10851	UGT2B7	*2/*2
NA10851	UGT2B15	*5/*5
NA10851	UGT2B17	*2/*2
NA10854	CYP1A1	*1/*1
NA10854	CYP1A2	*1A/*1A
NA10854	CYP2A6	*1/*1
NA10854	CYP2B6	*1/*1
NA10854	CYP2C8	*3/*3
NA10854	CYP2C9	*2/*2
NA10854	CYP2C19	*1/*1
NA10854	CYP2D6	*1/*4
NA10854	CYP2E1	*1/*1
NA10854	CYP3A4	*1/*1B
NA10854	CYP3A5	*1/*3
NA10854	CYP4F2	*1/*3
NA10854	NAT1	*4/*17
NA10854	SLC15A2	*2/*2
NA10854	SLCO1B1	*1/*1
NA10854	TPMT	*1/*1
NA10854	UGT1A1	*1/*1
NA10854	UGT2B7	*1/*1
NA10854	UGT2B15	*2/*5
NA10855	CYP2B6	*1/*1
NA10855	CYP2C8	*1/*3
NA10855	CYP2C9	*2/*3
NA10855	CYP2C19	*1/*1
NA10855	CYP3A4	*1/*1
NA10855	CYP3A5	*3/*3
NA10855	SLCO1B1	*1/*1
NA10855	TPMT	*1/*32
NA10856	CYP2B6	*1/*1
NA10856	CYP2C8	*1/*1
NA10856	CYP2C9	*1/*2
NA10856	CYP2C19	*1/*2
NA10856	CYP2D6	*1/*5
NA10856	CYP3A4	*1/*1
NA10856	CYP3A5	*1/*3
NA10856	SLCO1B1	*1/*1
NA10856	TPMT	*1/*1
NA10859	CYP2B6	*1/*6
NA10859	CYP2C8	*1/*1
NA10859	CYP2C9	*1/*1
NA10859	CYP2C19	*1/*1
NA10859	CYP2D6	*1/*2
NA10859	CYP3A4	*1/*1
NA10859	CYP3A5	*3/*3
NA10859	SLCO1B1	*1/*15
NA10859	TPMT	*1/*1
NA10865	CYP2C8	*1/*3
NA10865	CYP2C9	*1/*2
NA10865	CYP2C19	*8/*17
NA10865	CYP2D6	*1/*41
NA10865	CYP3A4	*1/*1
NA10865	CYP3A5	*3/*3
NA10865	SLCO1B1	*1/*1
NA10865	TPMT	*1/*1
NA11832	CYP1A1	*1/*1
NA11832	CYP1A2	*1F/*1F
NA11832	CYP2A6	*1/*2
NA11832	CYP2B6	*1/*1
NA11832	CYP2C8	*1/*1
NA11832	CYP2C9	*1/*3
NA11832	CYP2C19	*1/*2
NA11832	CYP2E1	*1/*1
NA11832	CYP3A4	*1/*1
NA11832	CYP3A5	*3/*3
NA11832	CYP4F2	*1/*1
NA11832	GSTP1	*A/*B
NA11832	NAT1	*4/*4
NA11832	SLC15A2	*1/*2
NA11832	SLCO1B1	*1/*1
NA11832	TPMT	*1/*1
NA11832	UGT2B7	*1/*2
NA11832	UGT2B15	*1/*5
NA11839	CYP1A1	*1/*1
NA11839	CYP1A2	*1A/*1F
NA11839	CYP2A6	*1/*9
NA11839	CYP2C8	*1/*3
NA11839	CYP2C9	*2/*3
NA11839	CYP2C19	*1/*1
NA11839	CYP2D6	*1/*2
NA11839	CYP3A4	*1/*1B
NA11839	CYP3A5	*1/*3
NA11839	CYP4F2	*1/*3
NA11839	GSTP1	*A/*B
NA11839	NAT1	*4/*4
NA11839	SLC15A2	*1/*2
NA11839	SLCO1B1	*1A/*1B
NA11839	TPMT	*1/*1
NA11839	UGT1A1	*1/*1
NA11839	UGT2B7	*1/*2
NA11839	UGT2B15	*1/*5
NA11881	CYP2B6	*1/*6
NA11881	CYP2C8	*1/*1
NA11881	CYP2C9	*1/*1
NA11881	CYP2C19	*1/*17
NA11881	CYP2D6	*2/*3
NA11881	CYP3A4	*1/*1
NA11881	CYP3A5	*3/*3
NA11881	TPMT	*1/*1
NA11993	CYP1A1	*1/*1
NA11993	CYP1A2	*1F/*1F
NA11993	CYP2A6	*9/*17
NA11993	CYP2B6	*1/*1
NA11993	CYP2C8	*1/*1
NA11993	CYP2C9	*1/*1
NA11993	CYP2C19	*1/*1
NA11993	CYP2D6	*1/*9
NA11993	CYP2E1	*1/*1
NA11993	CYP3A4	*1/*1
NA11993	CYP3A5	*3/*3
NA11993	CYP4F2	*1/*3
NA11993	GSTP1	*A/*B
NA11993	NAT1	*4/*4
NA11993	SLC15A2	*2/*2
NA11993	SLCO1B1	*1/*17
NA11993	TPMT	*1/*1
NA11993	UGT2B7	*1/*2
NA12003	CYP1A1	*1/*1
NA12003	CYP1A2	*1A/*1F
NA12003	CYP2B6	*6/*6
NA12003	CYP2C8	*1/*3
NA12003	CYP2C9	*1/*2
NA12003	CYP2C19	*1/*1
NA12003	CYP2D6	*4/*35
NA12003	CYP2E1	*1/*1
NA12003	CYP3A4	*1/*1B
NA12003	CYP3A5	*1/*3
NA12003	CYP4F2	*1/*1
NA12003	GSTP1	*A/*A
NA12003	NAT1	*4/*4
NA12003	SLC15A2	*1/*1
NA12003	SLCO1B1	*1/*15
NA12003	TPMT	*1/*1
NA12003	UGT1A1	*60/*28
NA12003	UGT2B7	*1/*2
NA12003	UGT2B15	*2/*5
NA12006	CYP1A1	*1/*4
NA12006	CYP1A2	*1F/*1F
NA12006	CYP2A6	*1/*1
NA12006	CYP2C8	*1/*1
NA12006	CYP2C9	*1/*1
NA12006	CYP2C19	*1/*1
NA12006	CYP2D6	*4/*41
NA12006	CYP2E1	*1/*1
NA12006	CYP3A4	*1/*3
NA12006	CYP3A5	*3/*3
NA12006	GSTM1	*A/*A
NA12006	GSTP1	*A/*A
NA12006	NAT1	*4/*11
NA12006	SLC15A2	*1/*2
NA12006	SLCO1B1	*1/*21
NA12006	TPMT	*1/*1
NA12006	UGT1A1	*60/*28
NA12006	UGT2B7	*1/*1
NA12006	UGT2B15	*5/*5
NA12044	TPMT	*1/*21
NA12145	CYP1A1	*1/*1
NA12145	CYP1A2	*1A/*1A
NA12145	CYP2A6	*1/*1
NA12145	CYP2B6	*1/*1
NA12145	CYP2C8	*1/*4
NA12145	CYP2C9	*1/*1
NA12145	CYP2C19	*2/*17
NA12145	CYP2D6	*1/*4
NA12145	CYP2E1	*1/*1
NA12145	CYP3A4	*1/*1
NA12145	CYP3A5	*3/*3
NA12145	CYP4F2	*1/*1
NA12145	NAT1	*4/*14
NA12145	SLC15A2	*1/*2
NA12145	SLCO1B1	*1/*1
NA12145	TPMT	*1/*1
NA12145	UGT1A1	*1/*1
NA12145	UGT2B7	*1/*2
NA12156	CYP1A1	*1/*2
NA12156	CYP1A2	*1A/*1F
NA12156	CYP2A6	*1/*1
NA12156	CYP2B6	*1/*1
NA12156	CYP2C8	*1/*15
NA12156	CYP2C9	*1/*2
NA12156	CYP2C19	*1/*1
NA12156	CYP2D6	*1/*4
NA12156	CYP2E1	*1/*1
NA12156	CYP3A4	*1/*1
NA12156	CYP3A5	*3/*3
NA12156	GSTP1	*A/*B
NA12156	NAT1	*4/*4
NA12156	SLC15A2	*2/*2
NA12156	SLCO1B1	*1/*21
NA12156	TPMT	*1/*1
NA12156	UGT1A1	*60/*28
NA12156	UGT2B7	*1/*2
NA12156	UGT2B15	*5/*5
NA12236	CYP1A1	*1/*4
NA12236	CYP1A2	*1F/*1F
NA12236	CYP2A6	*1/*1
NA12236	CYP2C8	*1/*1
NA12236	CYP2C9	*1/*1
NA12236	CYP2C19	*1/*17
NA12236	CYP2D6	*1/*4
NA12236	CYP2E1	*1/*1
NA12236	CYP3A4	*1/*1
NA12236	CYP3A5	*3/*3
NA12236	CYP4F2	*1/*1
NA12236	GSTP1	*B/*C
NA12236	NAT1	*4/*4
NA12236	SLC15A2	*1/*2
NA12236	SLCO1B1	*1/*14
NA12236	TPMT	*1/*1
NA12236	UGT1A1	*1/*1
NA12236	UGT2B7	*1/*2
NA12236	UGT2B15	*2/*5
NA12244	CYP2C9	*2/*3
NA12244	CYP2C19	*1/*1
NA12244	CYP2D6	*35/*41
NA12244	UGT1A1	*1/*28
NA12244	HLA-A	*23:01:01
NA12244	HLA-B	*41:01:01
NA12244	HLA-C	*17:01:01
NA12244	HLA-DRB1	*07:01:01
NA12244	HLA-DRB4	*01:03:01
NA12244	HLA-DQA1	*03:01:01
NA12244	HLA-DQB1	*03:02:01
NA12244	HLA-DPA1	*01:03:01
NA12244	HLA-DPB1	*04:01:01
NA12273	CYP2C9	*1/*2
NA12273	CYP2C19	*1/*2
NA12273	CYP2D6	*1/*1
NA12273	UGT1A1	*1/*28
NA12273	HLA-A	*32:01:01
NA12273	HLA-B	*44:02:01
NA12273	HLA-C	*07:04:01
NA12273	HLA-DRB1	*13:05:01
NA12273	HLA-DRB3	*02:02:01
NA12273	HLA-DQA1	*05:05:01
NA12273	HLA-DQB1	*03:01:01
NA12273	HLA-DPA1	*01:03:01
NA12273	HLA-DPB1	*04:01:01
NA12336	CYP2B6	*1/*6
NA12336	CYP2C8	*1/*1
NA12336	CYP2C9	*1/*1
NA12336	CYP2C19	*17/*17
NA12336	CYP2D6	*5/*41
NA12336	CYP3A4	*1/*35
NA12336	CYP3A5	*3/*3
NA12336	SLCO1B1	*1/*1
NA12336	TPMT	*1/*1
NA12375	CYP2B6	*1/*6
NA12375	CYP2C8	*1/*1
NA12375	CYP2C9	*1/*1
NA12375	CYP2C19	*2/*17
NA12375	CYP2D6	*1/*1
NA12375	CYP3A4	*1/*1
NA12375	CYP3A5	*3/*3
NA12375	SLCO1B1	*1/*1
NA12375	TPMT	*1/*1
NA12717	CYP1A1	*1/*1
NA12717	CYP1A2	*1F/*1F
NA12717	CYP2A6	*1/*1
NA12717	CYP2B6	*1/*7
NA12717	CYP2C8	*1/*1
NA12717	CYP2C9	*1/*1
NA12717	CYP2C19	*2/*2
NA12717	CYP2D6	*1/*1
NA12717	CYP2E1	*1/*1
NA12717	CYP3A4	*1/*22
NA12717	CYP3A5	*1/*3
NA12717	CYP4F2	*1/*3
NA12717	GSTM1	*A/*A
NA12717	GSTP1	*A/*B
NA12717	NAT1	*4/*4
NA12717	SLC15A2	*2/*2
NA12717	SLC22A2	*1/*3
NA12717	SLCO1B1	*1A/*1A
NA12717	TPMT	*1/*1
NA12717	UGT1A1	*60/*28
NA12717	UGT2B7	*1/*2
NA12751	TPMT	*1/*12
NA12753	CYP2B6	*1/*6
NA12753	CYP2C8	*1/*4
NA12753	CYP2C9	*1/*9
NA12753	CYP2C19	*1/*2
NA12753	CYP2D6	*2/*3
NA12753	CYP3A4	*1/*1
NA12753	CYP3A5	*3/*3
NA12753	SLCO1B1	*1/*1
NA12753	TPMT	*1/*3A
NA12813	CYP1A1	*1/*2
NA12813	CYP1A2	*1F/*1L
NA12813	CYP2A6	*1/*1
NA12813	CYP2B6	*1/*2
NA12813	CYP2C8	*1/*1
NA12813	CYP2C9	*1/*3
NA12813	CYP2C19	*1/*17
NA12813	CYP2D6	*2/*4
NA12813	CYP2E1	*1/*1
NA12813	CYP3A4	*1/*1
NA12813	CYP3A5	*3/*3
NA12813	CYP4F2	*1/*3
NA12813	GSTP1	*A/*A
NA12813	NAT1	*4/*4
NA12813	SLC15A2	*1/*2
NA12813	SLCO1B1	*1/*21
NA12813	TPMT	*1/*1
NA12813	UGT2B7	*1/*2
NA12813	UGT2B15	*2/*5
NA12813	UGT2B17	*2/*2
NA12815	CYP2B6	*1/*1
NA12815	CYP2C8	*1/*1
NA12815	CYP2C9	*1/*8
NA12815	CYP2C19	*1/*2
NA12815	CYP2D6	*2/*41
NA12815	CYP3A4	*1/*1
NA12815	CYP3A5	*3/*3
NA12815	SLCO1B1	*1/*1
NA12815	TPMT	*1/*1
NA12873	CYP1A1	*1/*1
NA12873	CYP1A2	*1A/*1F
NA12873	CYP2A6	*1/*9
NA12873	CYP2B6	*1/*6
NA12873	CYP2C8	*1/*1
NA12873	CYP2C9	*1/*1
NA12873	CYP2C19	*1/*17
NA12873	CYP2D6	*1/*5
NA12873	CYP2E1	*1/*1
NA12873	CYP3A4	*1/*1
NA12873	CYP3A5	*3/*3
NA12873	CYP4F2	*1/*1
NA12873	NAT1	*4/*4
NA12873	SLC15A2	*1/*2
NA12873	SLC22A2	*1/*1
NA12873	SLCO1B1	*1/*1
NA12873	TPMT	*1/*1
NA12873	UGT1A1	*1/*1
NA12873	UGT2B7	*1/*2
NA12873	UGT2B15	*1/*5
NA12878	CYP1A1	*1/*1
NA12878	CYP1A2	*1F/*1F
NA12878	CYP2A6	*1/*1
NA12878	CYP2B6	*1/*1
NA12878	CYP2C8	*1/*3
NA12878	CYP2C9	*1/*2
NA12878	CYP2C19	*1/*2
NA12878	CYP3A4	*1/*1
NA12878	CYP3A5	*3/*3
NA12878	CYP4F2	*1/*1
NA12878	GSTM1	*B/*B
NA12878	NAT1	*4/*4
NA12878	SLC15A2	*1/*1
NA12878	SLC22A2	*1/*1
NA12878	SLCO1B1	*1/*15
NA12878	TPMT	*1/*1
NA12878	UGT1A1	*60/*28
NA12878	UGT2B7	*1/*2
NA12878	UGT2B17	*2/*2
NA12892	CYP2B6	*1/*1
NA12892	CYP2C8	*1/*3
NA12892	CYP2C9	*1/*2
NA12892	CYP2C19	*1/*1
NA12892	CYP2D6	*2/*3
NA12892	CYP3A4	*1/*22
NA12892	CYP3A5	*3/*3
NA12892	SLCO1B1	*1/*15
NA12892	TPMT	*1/*1
NA15245	CYP1A1	*1/*1
NA15245	CYP1A2	*1F/*1F
NA15245	CYP2A6	*1/*1
NA15245	CYP2C8	*1/*4
NA15245	CYP2C9	*1/*71
NA15245	CYP2C19	*1/*2
NA15245	CYP2D6	*4x2/*4
NA15245	CYP2E1	*1/*7
NA15245	CYP3A5	*3/*3
NA15245	CYP4F2	*1/*1
NA15245	GSTP1	*A/*B
NA15245	NAT1	*4/*4
NA15245	SLC15A2	*1/*2
NA15245	SLCO1B1	*1/*15
NA15245	TPMT	*1/*3A
NA15245	UGT1A1	*1/*1
NA15245	UGT2B7	*1/*1
NA16654	CYP2C9	*1/*1
NA16654	CYP2C19	*1/*2
NA16654	CYP2D6	*10/*10
NA16654	UGT1A1	*1/*1
NA16654	HLA-A	*26:01:01
NA16654	HLA-B	*51:01:01
NA16654	HLA-C	*15:02:01
NA16654	HLA-DRB1	*12:02:01
NA16654	HLA-DQA1	*06:01:01
NA16654	HLA-DQB1	*06:01:01
NA16654	HLA-DPA1	*02:02:02
NA16654	HLA-DPB1	*05:01:01
NA16688	CYP2C9	*1/*1
NA16688	CYP2C19	*2/*3
NA16688	CYP2D6	*2/*10
NA16688	UGT1A1	*1/*1
NA16688	HLA-A	*26:01:01
NA16688	HLA-B	*35:01:01
NA16688	HLA-C	*03:03:01
NA16688	HLA-DRB1	*12:01:01G
NA16688	HLA-DQA1	*05:05:01
NA16688	HLA-DQB1	*04:01:01
NA16688	HLA-DPA1	*02:02:02
NA16688	HLA-DPB1	*05:01:01
NA16689	CYP2C9	*1/*1
NA16689	CYP2C19	*2/*2
NA16689	CYP2D6	*2/*10
NA16689	UGT1A1	*1/*1
NA16689	HLA-A	*30:01:01
NA16689	HLA-B	*51:01:01
NA16689	HLA-C	*14:02:01
NA16689	HLA-DRB1	*14:03:01
NA16689	HLA-DQA1	*05:07
NA16689	HLA-DQB1	*03:01:01
NA16689	HLA-DPA1	*02:01:01
NA16689	HLA-DPB1	*17:01:01G
NA17012	CYP2B6	*1/*1
NA17012	CYP2C8	*1/*1
NA17012	CYP2C9	*1/*1
NA17012	CYP2C19	*1/*2
NA17012	CYP2D6	*5/*10
NA17012	CYP3A4	*1/*1
NA17012	CYP3A5	*3/*3
NA17012	SLCO1B1	*1/*1
NA17012	TPMT	*1/*1
NA17019	CYP2C9	*1/*3
NA17019	CYP2C19	*1/*1
NA17019	CYP2D6	*1/*10
NA17019	UGT1A1	*1/*1
NA17019	HLA-A	*11:01:01
NA17019	HLA-B	*15:11:01
NA17019	HLA-C	*08:01:01
NA17019	HLA-DRB1	*12:02:01
NA17019	HLA-DQA1	*06:01:01
NA17019	HLA-DQB1	*03:03:02
NA17019	HLA-DPA1	*01:03:01
NA17019	HLA-DPB1	*03:01:01
NA17020	CYP2C9	*1/*1
NA17020	CYP2C19	*1/*1
NA17020	CYP2D6	*1/*10
NA17020	UGT1A1	*1/*1
NA17020	HLA-A	*11:01:01
NA17020	HLA-B	*38:02:01
NA17020	HLA-C	*07:02:01
NA17020	HLA-DRB1	*12:02:01
NA17020	HLA-DQA1	*06:01:01
NA17020	HLA-DQB1	*06:01:01
NA17020	HLA-DPA1	*02:10
NA17020	HLA-DPB1	*02:02:01
NA17039	CYP2C19	*1/*1
NA17039	CYP2D6	*2/*17
NA17039	UGT1A1	*1/*36
NA17039	HLA-A	*31:01:02
NA17039	HLA-B	*42:02:01
NA17039	HLA-C	*17:01:01
NA17039	HLA-DRB1	*08:04:01
NA17039	HLA-DQA1	*05:05:01
NA17039	HLA-DQB1	*03:02:01
NA17039	HLA-DPA1	*01:03:01
NA17039	HLA-DPB1	*104:01:01
NA17052	CYP2C9	*1/*1
NA17052	CYP2C19	*1/*3
NA17052	CYP2D6	*1/*1
NA17052	UGT1A1	*1/*1
NA17052	HLA-A	*33:03:01
NA17052	HLA-B	*44:03:01
NA17052	HLA-C	*14:03
NA17052	HLA-DRB1	*13:02:01
NA17052	HLA-DQA1	*03:01:01
NA17052	HLA-DQB1	*06:04:01
NA17052	HLA-DPA1	*01:03:01
NA17052	HLA-DPB1	*04:01:01
NA17057	CYP2C9	*1/*1
NA17057	CYP2C19	*1/*1
NA17057	CYP2D6	*1/*10
NA17057	UGT1A1	*1/*1
NA17057	HLA-A	*33:03:01
NA17057	HLA-B	*44:03:01
NA17057	HLA-C	*14:03
NA17057	HLA-DRB1	*15:01:01
NA17057	HLA-DQA1	*03:02
NA17057	HLA-DQB1	*06:02:01
NA17057	HLA-DPA1	*02:02:02
NA17057	HLA-DPB1	*05:01:01
NA17058	CYP2C9	*1/*1
NA17058	CYP2C19	*1/*2
NA17058	CYP2D6	*10/*10
NA17058	UGT1A1	*1/*28
NA17058	HLA-A	*26:01:01
NA17058	HLA-B	*40:01:02
NA17058	HLA-C	*08:03:01
NA17058	HLA-DRB1	*12:02:01
NA17058	HLA-DQA1	*06:01:01
NA17058	HLA-DQB1	*04:01:01
NA17058	HLA-DPA1	*01:03:01
NA17058	HLA-DPB1	*04:02:01G
NA17061	CYP2B6	*1/*1
NA17061	CYP2C8	*1/*1
NA17061	CYP2C9	*1/*1
NA17061	CYP2C19	*2/*2
NA17061	CYP2D6	*1/*2
NA17061	CYP3A4	*1/*1
NA17061	CYP3A5	*3/*3
NA17061	SLCO1B1	*1/*1
NA17061	TPMT	*1/*3C
NA17073	CYP2C9	*1/*1
NA17073	CYP2C19	*1/*1
NA17073	CYP2D6	*1/*17
NA17073	UGT1A1	*28/*28
NA17073	HLA-A	*02:01:01
NA17073	HLA-B	*44:02:01
NA17073	HLA-C	*05:01:01
NA17073	HLA-DRB1	*11:01:01
NA17073	HLA-DQA1	*05:05:01
NA17073	HLA-DQB1	*05:01:01
NA17073	HLA-DPA1	*02:01:01
NA17073	HLA-DPB1	*10:01:01
NA17074	CYP1A1	*1/*1
NA17074	CYP1A2	*1F/*1F
NA17074	CYP2A6	*1/*1
NA17074	CYP2B6	*1/*6
NA17074	CYP2C8	*2/*2
NA17074	CYP2C9	*1/*1
NA17074	CYP2C19	*12/*17
NA17074	CYP2D6	*1/*2
NA17074	CYP2E1	*1/*7
NA17074	CYP3A4	*1/*1
NA17074	CYP3A5	*3/*3
NA17074	GSTP1	*A/*A
NA17074	NAT1	*4/*4
NA17074	SLC15A2	*1/*2
NA17074	SLC22A2	*1/*3
NA17074	SLCO1B1	*1A/*1B
NA17074	TPMT	*1/*1
NA17074	UGT2B7	*1/*1
NA17074	UGT2B15	*1/*1
NA17075	CYP2C9	*2/*2
NA17075	CYP2C19	*1/*1
NA17075	CYP2D6	*1/*2
NA17075	UGT1A1	*1/*28
NA17075	HLA-A	*32:01:01
NA17075	HLA-B	*49:01:01
NA17075	HLA-C	*07:01:01
NA17075	HLA-DRB1	*15:01:01
NA17075	HLA-DQA1	*05:05:01
NA17075	HLA-DQB1	*06:02:01
NA17075	HLA-DPA1	*01:03:01
NA17075	HLA-DPB1	*04:01:01
NA17078	CYP2C9	*1/*2
NA17078	CYP2C19	*1/*2
NA17078	CYP2D6	*1/*1
NA17078	UGT1A1	*1/*36
NA17078	HLA-A	*68:02:01
NA17078	HLA-B	*57:03:01
NA17078	HLA-C	*07:06
NA17078	HLA-DRB1	*12:01:01G
NA17078	HLA-DQA1	*02:01:01
NA17078	HLA-DQB1	*05:01:01
NA17078	HLA-DPA1	*02:01:01
NA17078	HLA-DPB1	*18:01
NA17084	CYP2C9	*1/*2
NA17084	CYP2C19	*2/*4
NA17084	CYP2D6	*1/*10
NA17084	UGT1A1	*1/*1
NA17084	HLA-A	*80:01:01
NA17084	HLA-B	*40:02:01
NA17084	HLA-C	*07:02:01
NA17084	HLA-DRB1	*15:02:01G
NA17084	HLA-DQA1	*05:05:01
NA17084	HLA-DQB1	*05:02:01
NA17084	HLA-DPA1	*02:02:02
NA17084	HLA-DPB1	*04:01:01
NA17102	CYP2B6	*6/*6
NA17102	CYP2C8	*1/*1
NA17102	CYP2C9	*5/*36
NA17102	CYP2C19	*1/*17
NA17102	CYP2D6	*1/*40
NA17102	CYP3A4	*1/*1
NA17102	CYP3A5	*3/*3
NA17102	SLCO1B1	*1/*1
NA17102	TPMT	*1/*1
NA17113	CYP2D6	*17x2/*45
NA17114	CYP2C9	*1/*1
NA17114	CYP2C19	*1/*1
NA17114	CYP2D6	*1/*5
NA17114	UGT1A1	*1/*28
NA17114	HLA-A	*11:01:01
NA17114	HLA-B	*15:17:01
NA17114	HLA-C	*07:01:02
NA17114	HLA-DRB1	*11:02:01
NA17114	HLA-DRB3	*02:02:01
NA17114	HLA-DQA1	*05:05:01
NA17114	HLA-DQB1	*03:19:01
NA17114	HLA-DPA1	*01:03:01
NA17114	HLA-DPB1	*04:01:01
NA17115	CYP2C19	*1/*1
NA17115	CYP2D6	*1/*2
NA17115	UGT1A1	*28/*28
NA17115	HLA-A	*68:02:01
NA17115	HLA-B	*57:03:01
NA17115	HLA-C	*08:02:01
NA17115	HLA-DRB1	*13:03:01
NA17115	HLA-DQA1	*05:05:01
NA17115	HLA-DQB1	*03:01:04
NA17115	HLA-DPB1	*584:01
NA17119	CYP2C9	*1/*1
NA17119	CYP2D6	*1/*2
NA17119	UGT1A1	*1/*37
NA17119	HLA-A	*74:01:01
NA17119	HLA-B	*42:02:01
NA17119	HLA-C	*17:01:01
NA17119	HLA-DRB1	*08:06
NA17119	HLA-DQA1	*05:05:01
NA17119	HLA-DQB1	*06:02:01
NA17119	HLA-DPB1	*584:01
NA17128	CYP2D6	*1/*43
NA17129	CYP2C9	*1/*2
NA17129	CYP2C19	*1/*1
NA17129	CYP2D6	*1/*4
NA17129	UGT1A1	*1/*36
NA17129	HLA-A	*74:01:01
NA17129	HLA-B	*53:01:01
NA17129	HLA-C	*07:18
NA17129	HLA-DRB1	*13:01:01
NA17129	HLA-DQA1	*01:03:01
NA17129	HLA-DQB1	*06:03:01
NA17129	HLA-DPA1	*02:01:08
NA17129	HLA-DPB1	*11:01:01
NA17130	CYP2C9	*1/*3
NA17130	CYP2D6	*1/*2
NA17130	UGT1A1	*1/*37
NA17130	HLA-A	*02:01:01
NA17130	HLA-B	*14:02:01
NA17130	HLA-C	*08:02:01
NA17130	HLA-DRB1	*15:03:01
NA17130	HLA-DQA1	*04:01:01
NA17130	HLA-DQB1	*06:02:01
NA17130	HLA-DPA1	*01:03:01
NA17130	HLA-DPB1	*04:01:01
NA17137	CYP2D6	*29/*45
NA17169	CYP2D6	*17/*56
NA17176	CYP2D6	*3/*45
NA17185	CYP2D6	*4/*58
NA17201	CYP2C9	*1/*1
NA17201	CYP2C19	*1/*2
NA17201	CYP2D6	*1/*1
NA17201	UGT1A1	*1/*28
NA17201	HLA-A	*02:01:01
NA17201	HLA-B	*39:01:01
NA17201	HLA-C	*17:03:01
NA17201	HLA-DRB1	*11:04:01
NA17201	HLA-DQA1	*05:05:01
NA17201	HLA-DQB1	*05:01:01
NA17201	HLA-DPA1	*01:03:01
NA17201	HLA-DPB1	*04:02:01G
NA17203	CYP2C9	*1/*1
NA17203	CYP2D6	*4/*35
NA17203	UGT1A1	*1/*1
NA17203	HLA-A	*26:01:01
NA17203	HLA-B	*35:01:01
NA17203	HLA-C	*08:02:01
NA17203	HLA-DRB1	*14:54:01
NA17203	HLA-DQA1	*02:01:01
NA17203	HLA-DQB1	*05:03:01
NA17203	HLA-DPA1	*01:03:01
NA17203	HLA-DPB1	*16:01:01
NA17204	CYP1A1	*1/*1
NA17204	CYP1A2	*1F/*1F
NA17204	CYP2A6	*1/*1
NA17204	CYP2B6	*1/*1
NA17204	CYP2C8	*1/*1
NA17204	CYP2C9	*1/*3
NA17204	CYP2C19	*1/*1
NA17204	CYP2D6	*1/*35
NA17204	CYP2E1	*1/*1
NA17204	CYP3A4	*1/*1
NA17204	CYP3A5	*3/*3
NA17204	CYP4F2	*1/*1
NA17204	GSTM1	*A/*B
NA17204	GSTP1	*A/*B
NA17204	SLC15A2	*1/*1
NA17204	SLCO1B1	*1/*1
NA17204	TPMT	*1/*1
NA17204	UGT1A1	*1/*1
NA17204	UGT2B7	*1/*1
NA17204	HLA-A	*02:01:01
NA17204	HLA-B	*50:01:01
NA17204	HLA-C	*07:02:01
NA17204	HLA-DRB1	*07:01:01
NA17204	HLA-DQA1	*05:01:01
NA17204	HLA-DQB1	*02:02:01
NA17204	HLA-DPA1	*01:03:01
NA17204	HLA-DPB1	*04:02:01G
NA17205	CYP2C9	*1/*2
NA17205	CYP2C19	*1/*2
NA17205	CYP2D6	*1/*41
NA17205	UGT1A1	*1/*1
NA17205	HLA-A	*11:01:01
NA17205	HLA-B	*56:01:01
NA17205	HLA-C	*03:03:01
NA17205	HLA-DRB1	*15:02:02
NA17205	HLA-DQA1	*02:01:01
NA17205	HLA-DQB1	*06:01:01
NA17205	HLA-DPA1	*02:01:01
NA17205	HLA-DPB1	*26:01:02
NA17206	CYP2C9	*1/*3
NA17206	CYP2C19	*1/*1
NA17206	CYP2D6	*2/*4
NA17206	UGT1A1	*1/*28
NA17206	HLA-A	*03:01:01
NA17206	HLA-B	*18:01:01
NA17206	HLA-C	*07:02:01
NA17206	HLA-DRB1	*15:01:01
NA17206	HLA-DQA1	*01:03:01
NA17206	HLA-DQB1	*06:03:01
NA17206	HLA-DPA1	*01:03:01
NA17206	HLA-DPB1	*04:02:01G
NA17207	CYP2C9	*1/*1
NA17207	CYP2C19	*1/*2
NA17207	CYP2D6	*2/*41
NA17207	UGT1A1	*28/*28
NA17207	HLA-A	*68:01:02
NA17207	HLA-B	*44:03:01
NA17207	HLA-C	*14:02:01
NA17207	HLA-DRB1	*07:01:01
NA17207	HLA-DQA1	*02:01:01
NA17207	HLA-DQB1	*05:01:01
NA17207	HLA-DPA1	*01:03:01
NA17207	HLA-DPB1	*04:02:01G
NA17208	CYP2C9	*1/*1
NA17208	CYP2C19	*1/*1
NA17208	CYP2D6	*2/*41
NA17208	UGT1A1	*28/*28
NA17208	HLA-A	*30:01:01
NA17208	HLA-B	*13:02:01
NA17208	HLA-C	*07:01:01
NA17208	HLA-DRB1	*07:01:01
NA17208	HLA-DQA1	*05:01:01
NA17208	HLA-DQB1	*02:02:01
NA17208	HLA-DPA1	*02:01:01
NA17208	HLA-DPB1	*17:01:01
NA17209	CYP2C9	*1/*2
NA17209	CYP2C19	*1/*1
NA17209	CYP2D6	*1/*4
NA17209	UGT1A1	*1/*28
NA17209	HLA-A	*26:01:01
NA17209	HLA-B	*14:01:01
NA17209	HLA-C	*08:02:01
NA17209	HLA-DRB1	*15:01:01
NA17209	HLA-DQA1	*02:01:01
NA17209	HLA-DQB1	*06:02:01
NA17209	HLA-DPA1	*01:03:01
NA17209	HLA-DPB1	*04:01:01
NA17210	CYP2C9	*1/*2
NA17210	CYP2C19	*1/*1
NA17210	CYP2D6	*1/*4
NA17210	UGT1A1	*1/*1
NA17210	HLA-A	*66:01:01
NA17210	HLA-B	*38:01:01
NA17210	HLA-C	*12:03:01
NA17210	HLA-DRB1	*11:01:01
NA17210	HLA-DQA1	*05:05:01
NA17210	HLA-DQB1	*03:02:01
NA17210	HLA-DPA1	*01:03:01
NA17210	HLA-DPB1	*04:01:01
NA17211	CYP2C9	*1/*3
NA17211	CYP2C19	*1/*1
NA17211	CYP2D6	*2/*4
NA17211	UGT1A1	*1/*1
NA17211	HLA-A	*29:02:01
NA17211	HLA-B	*44:03:01
NA17211	HLA-C	*16:01:01
NA17211	HLA-DRB1	*15:01:01
NA17211	HLA-DQA1	*05:05:01
NA17211	HLA-DQB1	*06:02:01
NA17211	HLA-DPA1	*01:03:01
NA17211	HLA-DPB1	*02:01:02
NA17212	CYP2C9	*1/*2
NA17212	CYP2C19	*1/*2
NA17212	CYP2D6	*1/*1
NA17212	UGT1A1	*1/*28
NA17212	HLA-A	*11:01:01
NA17212	HLA-B	*52:01:01
NA17212	HLA-C	*12:02:02
NA17212	HLA-DRB1	*16:01:01
NA17212	HLA-DQA1	*01:02:02
NA17212	HLA-DQB1	*06:09:01
NA17212	HLA-DPA1	*01:03:01
NA17212	HLA-DPB1	*04:02:01G
NA17213	CYP2C9	*1/*1
NA17213	UGT1A1	*1/*1
NA17213	HLA-A	*24:02:01
NA17213	HLA-B	*51:01:01
NA17213	HLA-C	*15:02:01
NA17213	HLA-DRB1	*04:04:01
NA17213	HLA-DQA1	*03:01:01
NA17213	HLA-DQB1	*05:01:01
NA17213	HLA-DPA1	*01:03:01
NA17213	HLA-DPB1	*03:01:01
NA17214	CYP2C9	*1/*1
NA17214	CYP2C19	*1/*2
NA17214	CYP2D6	*2/*2
NA17214	UGT1A1	*1/*1
NA17214	HLA-A	*02:05:01
NA17214	HLA-B	*58:01:01
NA17214	HLA-C	*07:18
NA17214	HLA-DRB1	*15:01:01
NA17214	HLA-DQA1	*01:05:01
NA17214	HLA-DQB1	*06:02:01
NA17214	HLA-DPA1	*01:03:01
NA17214	HLA-DPB1	*04:01:01
NA17215	CYP2C9	*1/*3
NA17215	CYP2C19	*1/*1
NA17215	CYP2D6	*4/*41
NA17215	UGT1A1	*1/*1
NA17215	HLA-A	*02:01:01
NA17215	HLA-B	*40:01:02
NA17215	HLA-C	*07:01:01
NA17215	HLA-DRB1	*13:02:01
NA17215	HLA-DRB3	*03:01:01
NA17215	HLA-DQA1	*05:01:01
NA17215	HLA-DQB1	*06:04:01
NA17215	HLA-DPA1	*02:01:02
NA17215	HLA-DPB1	*04:01:01
NA17216	CYP2C9	*1/*2
NA17216	CYP2C19	*1/*1
NA17216	CYP2D6	*1/*1
NA17216	UGT1A1	*1/*28
NA17216	HLA-A	*03:01:01
NA17216	HLA-B	*35:01:01
NA17216	HLA-C	*07:01:01
NA17216	HLA-DRB1	*03:01:01
NA17216	HLA-DQA1	*05:01:01
NA17216	HLA-DQB1	*05:01:01
NA17216	HLA-DPA1	*02:06
NA17216	HLA-DPB1	*05:01:01
NA17217	CYP2C9	*1/*1
NA17217	CYP2C19	*1/*1
NA17217	CYP2D6	*1/*41
NA17217	UGT1A1	*1/*28
NA17217	HLA-A	*34:02:01
NA17217	HLA-B	*35:01:01
NA17217	HLA-C	*15:02:01
NA17217	HLA-DRB1	*03:01:01
NA17217	HLA-DQA1	*05:01:01
NA17217	HLA-DQB1	*05:01:01
NA17217	HLA-DPA1	*02:02:02
NA17217	HLA-DPB1	*04:02:01
NA17218	CYP2C9	*1/*1
NA17218	CYP2C19	*1/*2
NA17218	UGT1A1	*1/*1
NA17218	HLA-A	*01:01:01
NA17218	HLA-B	*08:01:01
NA17218	HLA-C	*07:02:01
NA17218	HLA-DRB1	*15:01:01
NA17218	HLA-DQA1	*05:01:01
NA17218	HLA-DQB1	*06:02:01
NA17218	HLA-DPA1	*01:03:01
NA17218	HLA-DPB1	*04:01:01
NA17219	CYP2C9	*1/*1
NA17219	CYP2C19	*1/*2
NA17219	CYP2D6	*1/*1
NA17219	UGT1A1	*28/*28
NA17219	HLA-A	*33:01:01
NA17219	HLA-B	*14:01:01
NA17219	HLA-C	*15:05:02
NA17219	HLA-DRB1	*07:01:01
NA17219	HLA-DRB4	*01:03:01
NA17219	HLA-DQA1	*03:03:01
NA17219	HLA-DQB1	*03:02:01
NA17219	HLA-DPA1	*02:01:01
NA17219	HLA-DPB1	*124:01:NEW
NA17220	CYP2C9	*1/*1
NA17220	CYP2D6	*1/*4
NA17220	UGT1A1	*1/*28
NA17220	HLA-A	*30:02:01
NA17220	HLA-B	*49:01:01
NA17220	HLA-C	*07:01:01
NA17220	HLA-DRB1	*11:04:01
NA17220	HLA-DRB3	*02:02:01
NA17220	HLA-DQA1	*05:05:01
NA17220	HLA-DQB1	*03:01:01
NA17220	HLA-DPA1	*01:03:01
NA17220	HLA-DPB1	*02:02:01
NA17221	CYP2C9	*2/*3
NA17221	CYP2C19	*1/*1
NA17221	CYP2D6	*1XN/*2
NA17221	UGT1A1	*1/*1
NA17221	HLA-A	*24:02:01
NA17221	HLA-B	*49:01:01
NA17221	HLA-C	*07:01:01
NA17221	HLA-DRB1	*11:04:01
NA17221	HLA-DRB3	*02:02:01
NA17221	HLA-DQA1	*05:05:01
NA17221	HLA-DQB1	*03:01:01
NA17221	HLA-DPA1	*01:03:01
NA17221	HLA-DPB1	*04:01:01
NA17222	CYP2C9	*2/*2
NA17222	CYP2C19	*1/*1
NA17222	CYP2D6	*2/*108
NA17222	UGT1A1	*28/*28
NA17222	HLA-A	*68:01:02
NA17222	HLA-B	*44:02:01
NA17222	HLA-C	*05:01:01
NA17222	HLA-DRB1	*14:54:01
NA17222	HLA-DRB3	*03:01:01
NA17222	HLA-DQA1	*01:04:01
NA17222	HLA-DQB1	*06:04:01
NA17222	HLA-DPA1	*01:03:01
NA17222	HLA-DPB1	*04:01:01G
NA17224	CYP2C9	*1/*1
NA17224	CYP2C19	*1/*2
NA17224	CYP2D6	*1/*1
NA17224	UGT1A1	*1/*1
NA17224	HLA-A	*02:01:01
NA17224	HLA-B	*15:01:01
NA17224	HLA-C	*03:04:01
NA17224	HLA-DRB1	*04:01:01
NA17224	HLA-DRB4	*01:03:01
NA17224	HLA-DQA1	*03:01:01
NA17224	HLA-DQB1	*03:02:01
NA17224	HLA-DPA1	*01:03:01
NA17224	HLA-DPB1	*04:01:01G
NA17226	CYP2C9	*1/*2
NA17226	CYP2C19	*1/*1
NA17226	CYP2D6	*4/*4
NA17226	UGT1A1	*28/*28
NA17226	HLA-A	*34:02:01
NA17226	HLA-B	*44:02:01
NA17226	HLA-C	*07:01:01
NA17226	HLA-DRB1	*13:02:01
NA17226	HLA-DQA1	*02:01:01
NA17226	HLA-DQB1	*06:04:01
NA17226	HLA-DPA1	*02:01:01
NA17226	HLA-DPB1	*15:01:01
NA17227	CYP1A1	*1/*1
NA17227	CYP1A2	*1F/*1F
NA17227	CYP2A6	*1/*9
NA17227	CYP2B6	*1/*1
NA17227	CYP2C8	*1/*1
NA17227	CYP2C9	*1/*2
NA17227	CYP2C19	*1/*1
NA17227	CYP2D6	*1/*9
NA17227	CYP2E1	*1/*1
NA17227	CYP3A4	*1/*1
NA17227	CYP3A5	*3/*3
NA17227	GSTP1	*A/*A
NA17227	NAT1	*4/*4
NA17227	SLC15A2	*1/*2
NA17227	SLCO1B1	*1/*1
NA17227	TPMT	*1/*1
NA17227	UGT2B7	*1/*2
NA17227	HLA-A	*02:01:01
NA17227	HLA-B	*40:02:01
NA17227	HLA-C	*07:01:01
NA17227	HLA-DRB1	*13:02:01
NA17227	HLA-DRB3	*03:01:01
NA17227	HLA-DQA1	*05:01:01
NA17227	HLA-DQB1	*06:04:01
NA17227	HLA-DPA1	*01:03:01
NA17227	HLA-DPB1	*04:01:01
NA17228	CYP2C9	*1/*2
NA17228	CYP2C19	*1/*1
NA17228	CYP2D6	*1/*1
NA17228	UGT1A1	*1/*28
NA17228	HLA-A	*24:02:01
NA17228	HLA-B	*55:01:01
NA17228	HLA-C	*03:03:01
NA17228	HLA-DRB1	*13:01:01
NA17228	HLA-DRB3	*02:02:01
NA17228	HLA-DQA1	*05:05:01
NA17228	HLA-DQB1	*06:03:01
NA17228	HLA-DPA1	*01:03:01
NA17228	HLA-DPB1	*04:01:01
NA17229	CYP2C9	*1/*1
NA17229	CYP2C19	*1/*1
NA17229	CYP2D6	*1/*2
NA17229	UGT1A1	*1/*28
NA17229	HLA-A	*31:01:02
NA17229	HLA-B	*35:20:01
NA17229	HLA-C	*04:01:01
NA17229	HLA-DRB1	*14:06:01
NA17229	HLA-DQA1	*05:03
NA17229	HLA-DQB1	*03:02:01
NA17229	HLA-DPA1	*01:03:01
NA17229	HLA-DPB1	*04:02:01G
NA17230	CYP2C9	*1/*1
NA17230	CYP2D6	*4/*41
NA17230	UGT1A1	*1/*1
NA17230	HLA-A	*32:01:01
NA17230	HLA-B	*27:05:02
NA17230	HLA-C	*02:02:02
NA17230	HLA-DRB1	*04:04:01
NA17230	HLA-DQA1	*03:01:01
NA17230	HLA-DQB1	*05:01:01
NA17230	HLA-DPA1	*02:01:01
NA17230	HLA-DPB1	*10:01:01
NA17231	CYP2C9	*1/*2
NA17231	CYP2C19	*1/*1
NA17231	CYP2D6	*1/*2
NA17231	UGT1A1	*1/*28
NA17231	HLA-A	*03:01:01
NA17231	HLA-B	*40:01:02
NA17231	HLA-C	*07:02:01
NA17231	HLA-DRB1	*13:02:01
NA17231	HLA-DQA1	*01:02:01
NA17231	HLA-DQB1	*06:04:01
NA17231	HLA-DPA1	*01:03:01
NA17231	HLA-DPB1	*04:01:01G
NA17232	CYP2C9	*1/*1
NA17232	CYP2D6	*2/*2XN
NA17232	UGT1A1	*1/*1
NA17232	HLA-A	*33:01:01
NA17232	HLA-B	*18:01:01
NA17232	HLA-C	*15:02:01
NA17232	HLA-DRB1	*07:01:01
NA17232	HLA-DQA1	*02:01:01
NA17232	HLA-DQB1	*05:01:01
NA17232	HLA-DPA1	*01:03:01
NA17232	HLA-DPB1	*23:01:01
NA17233	CYP2C9	*1/*1
NA17233	CYP2C19	*1/*1
NA17233	CYP2D6	*1/*41
NA17233	UGT1A1	*1/*1
NA17233	HLA-A	*02:01:01
NA17233	HLA-B	*44:02:01
NA17233	HLA-C	*05:01:01
NA17233	HLA-DRB1	*07:01:01
NA17233	HLA-DQA1	*02:01:01
NA17233	HLA-DQB1	*05:01:01
NA17233	HLA-DPA1	*01:03:01
NA17233	HLA-DPB1	*04:01:01
NA17234	CYP1A1	*1/*1
NA17234	CYP1A2	*1F/*1K
NA17234	CYP2A6	*1/*9
NA17234	CYP2B6	*1/*6
NA17234	CYP2C8	*1/*1
NA17234	CYP2C9	*1/*3
NA17234	CYP2C19	*1/*1
NA17234	CYP2D6	*1/*41
NA17234	CYP2E1	*1/*1
NA17234	CYP3A4	*1/*1
NA17234	CYP3A5	*3/*3
NA17234	CYP4F2	*1/*1
NA17234	GSTM1	*B/*B
NA17234	NAT1	*4/*4
NA17234	SLC15A2	*2/*2
NA17234	SLCO1B1	*1/*1
NA17234	TPMT	*1/*1
NA17234	UGT1A1	*1/*1
NA17234	UGT2B7	*1/*1
NA17234	UGT2B15	*1/*5
NA17234	HLA-A	*02:01:01
NA17234	HLA-B	*51:01:01
NA17234	HLA-C	*05:01:01
NA17234	HLA-DRB1	*08:01:01
NA17234	HLA-DQA1	*05:01:01
NA17234	HLA-DQB1	*04:02:01
NA17234	HLA-DPA1	*01:03:01
NA17234	HLA-DPB1	*04:02:01G
NA17235	CYP1A1	*1/*1
NA17235	CYP1A2	*1A/*1F
NA17235	CYP2A6	*1/*1
NA17235	CYP2B6	*1/*7
NA17235	CYP2C8	*1/*1
NA17235	CYP2C9	*1/*1
NA17235	CYP2C19	*1/*1
NA17235	CYP2D6	*1/*5
NA17235	CYP2E1	*1/*1
NA17235	CYP3A4	*1/*1
NA17235	CYP3A5	*3/*3
NA17235	CYP4F2	*1/*1
NA17235	GSTM1	*A/*A
NA17235	GSTP1	*A/*B
NA17235	NAT1	*4/*4
NA17235	SLC15A2	*2/*2
NA17235	SLCO1B1	*1/*1
NA17235	TPMT	*1/*1
NA17235	UGT1A1	*60/*28
NA17235	UGT2B7	*1/*2
NA17235	UGT2B15	*1/*2
NA17235	UGT2B17	*2/*2
NA17235	HLA-A	*31:01:02
NA17235	HLA-B	*40:01:02
NA17235	HLA-C	*07:02:01
NA17235	HLA-DRB1	*15:01:01
NA17235	HLA-DQA1	*03:01:01
NA17235	HLA-DQB1	*06:02:01
NA17235	HLA-DPA1	*01:03:01
NA17235	HLA-DPB1	*04:01:01
NA17236	CYP2C9	*1/*1
NA17236	CYP2C19	*1/*1
NA17236	CYP2D6	*2/*41
NA17236	UGT1A1	*1/*28
NA17236	HLA-A	*03:01:01
NA17236	HLA-B	*07:02:01
NA17236	HLA-C	*07:02:01
NA17236	HLA-DRB1	*15:01:01
NA17236	HLA-DRB5	*01:01:01
NA17236	HLA-DQA1	*01:02:01
NA17236	HLA-DQB1	*06:02:01
NA17236	HLA-DPA1	*01:03:01
NA17236	HLA-DPB1	*04:02:01G
NA17237	CYP2C9	*1/*1
NA17237	CYP2D6	*1/*4
NA17237	UGT1A1	*1/*28
NA17237	HLA-A	*30:02:01
NA17237	HLA-B	*44:02:01
NA17237	HLA-C	*16:04:01
NA17237	HLA-DRB1	*13:02:01
NA17237	HLA-DRB3	*03:01:01
NA17237	HLA-DQA1	*05:05:01
NA17237	HLA-DQB1	*06:09:01
NA17237	HLA-DPA1	*01:03:01
NA17237	HLA-DPB1	*04:01:01
NA17240	CYP2C9	*1/*1
NA17240	CYP2D6	*1/*10
NA17240	UGT1A1	*1/*1
NA17240	HLA-A	*30:02:01
NA17240	HLA-B	*57:01:01
NA17240	HLA-C	*07:02:01
NA17240	HLA-DRB1	*13:01:01
NA17240	HLA-DQA1	*02:01:01
NA17240	HLA-DQB1	*05:03:01
NA17240	HLA-DPA1	*02:01:01
NA17240	HLA-DPB1	*13:01:01G
NA17242	CYP2C9	*1/*1
NA17242	CYP2C19	*1/*1
NA17242	CYP2D6	*1/*1
NA17242	UGT1A1	*1/*28
NA17242	HLA-A	*32:01:01
NA17242	HLA-B	*40:01:02
NA17242	HLA-C	*04:01:01
NA17242	HLA-DRB1	*13:02:01
NA17242	HLA-DQA1	*01:02:01
NA17242	HLA-DQB1	*06:04:01
NA17242	HLA-DPA1	*01:03:01
NA17242	HLA-DPB1	*04:01:01
NA17243	CYP2C9	*1/*2
NA17243	UGT1A1	*1/*1
NA17243	HLA-A	*29:02:01
NA17243	HLA-B	*44:03:01
NA17243	HLA-C	*16:01:01
NA17243	HLA-DRB1	*13:02:01
NA17243	HLA-DQA1	*02:01:01
NA17243	HLA-DQB1	*06:04:01
NA17243	HLA-DPA1	*01:03:01
NA17243	HLA-DPB1	*06:01:01
NA17244	CYP1A1	*1/*1
NA17244	CYP1A2	*1A/*1F
NA17244	CYP2A6	*1/*1
NA17244	CYP2C8	*1/*1
NA17244	CYP2C9	*1/*1
NA17244	CYP2C19	*1/*1
NA17244	CYP3A4	*1/*1
NA17244	CYP3A5	*3/*3
NA17244	CYP4F2	*1/*1
NA17244	GSTP1	*A/*B
NA17244	NAT1	*4/*4
NA17244	SLC15A2	*1/*1
NA17244	SLC22A2	*1/*3
NA17244	SLCO1B1	*1/*14
NA17244	TPMT	*1/*1
NA17244	UGT1A1	*1/*60
NA17244	UGT2B7	*1/*2
NA17244	HLA-A	*30:02:01
NA17244	HLA-B	*51:01:01
NA17244	HLA-C	*14:02:01
NA17244	HLA-DRB1	*15:01:01
NA17244	HLA-DQA1	*01:03:01
NA17244	HLA-DQB1	*06:03:01
NA17244	HLA-DPA1	*01:03:01
NA17244	HLA-DPB1	*04:01:01
NA17245	CYP2C9	*1/*2
NA17245	CYP2C19	*1/*2
NA17245	CYP2D6	*2/*4
NA17245	UGT1A1	*1/*28
NA17245	HLA-A	*68:02:01
NA17245	HLA-B	*53:01:01
NA17245	HLA-C	*16:04:01
NA17245	HLA-DRB1	*11:04:01
NA17245	HLA-DQA1	*05:05:01
NA17245	HLA-DQB1	*05:01:01
NA17245	HLA-DPA1	*01:03:01
NA17245	HLA-DPB1	*04:01:01
NA17246	CYP2C9	*1/*2
NA17246	CYP2D6	*4/*35
NA17246	UGT1A1	*1/*28
NA17246	HLA-A	*25:01:01
NA17246	HLA-B	*18:01:01
NA17246	HLA-C	*07:01:01
NA17246	HLA-DRB1	*13:01:01
NA17246	HLA-DRB3	*01:01:02
NA17246	HLA-DQA1	*05:01:01
NA17246	HLA-DQB1	*06:03:01
NA17246	HLA-DPA1	*02:01:02
NA17246	HLA-DPB1	*04:01:01
NA17247	CYP2C9	*3/*3
NA17247	CYP2C19	*1/*1
NA17247	CYP2D6	*1/*2
NA17247	UGT1A1	*1/*28
NA17247	HLA-A	*24:03:01
NA17247	HLA-B	*57:01:01
NA17247	HLA-C	*06:02:01
NA17247	HLA-DRB1	*13:05:01
NA17247	HLA-DQA1	*05:05:01
NA17247	HLA-DQB1	*05:01:01
NA17247	HLA-DPA1	*01:03:01
NA17247	HLA-DPB1	*04:01:01
NA17248	CYP2C9	*1/*1
NA17248	CYP2D6	*4/*10
NA17248	UGT1A1	*28/*28
NA17248	HLA-A	*30:01:01
NA17248	HLA-B	*38:01:01
NA17248	HLA-C	*12:03:01
NA17248	HLA-DRB1	*11:04:01
NA17248	HLA-DQA1	*05:05:01
NA17248	HLA-DQB1	*03:01:01
NA17248	HLA-DPA1	*02:01:01
NA17248	HLA-DPB1	*09:01:01
NA17249	CYP2C9	*1/*2
NA17249	CYP2D6	*1/*41
NA17249	UGT1A1	*1/*1
NA17249	HLA-A	*32:01:01
NA17249	HLA-B	*44:02:01
NA17249	HLA-C	*07:01:01
NA17249	HLA-DRB1	*13:01:01
NA17249	HLA-DRB3	*01:01:02
NA17249	HLA-DQA1	*05:01:01
NA17249	HLA-DQB1	*06:03:01
NA17249	HLA-DPA1	*01:03:01
NA17249	HLA-DPB1	*04:02:01G
NA17252	CYP2C9	*2/*3
NA17252	CYP2C19	*1/*1
NA17252	CYP2D6	*4/*5
NA17252	UGT1A1	*28/*28
NA17254	CYP2C9	*2/*3
NA17254	CYP2C19	*1/*1
NA17254	CYP2D6	*4/*41
NA17254	UGT1A1	*1/*28
NA17254	HLA-A	*02:01:01
NA17254	HLA-B	*35:01:01
NA17254	HLA-C	*15:02:01
NA17254	HLA-DRB1	*03:01:01
NA17254	HLA-DQA1	*05:01:01
NA17254	HLA-DQB1	*05:01:01
NA17254	HLA-DPA1	*02:01:02
NA17254	HLA-DPB1	*04:01:01
NA17256	CYP2C9	*1/*1
NA17256	CYP2C19	*1/*1
NA17256	UGT1A1	*1/*1
NA17256	HLA-A	*30:01:01
NA17256	HLA-B	*40:01:02
NA17256	HLA-C	*06:02:01
NA17256	HLA-DRB1	*07:01:01
NA17256	HLA-DRB4	*01:03:01
NA17256	HLA-DQA1	*03:01:01
NA17256	HLA-DQB1	*03:02:01
NA17256	HLA-DPA1	*02:01:01
NA17256	HLA-DPB1	*17:01:01
NA17257	CYP2C9	*1/*1
NA17257	CYP2D6	*2/*4
NA17257	UGT1A1	*28/*28
NA17257	HLA-A	*11:01:01
NA17257	HLA-B	*15:01:01
NA17257	HLA-C	*07:02:01
NA17257	HLA-DRB1	*11:01:01
NA17257	HLA-DQA1	*05:05:01
NA17257	HLA-DQB1	*03:03:02
NA17257	HLA-DPA1	*01:03:01
NA17257	HLA-DPB1	*04:01:01G
NA17260	CYP2C9	*1/*1
NA17260	CYP2D6	*2/*2
NA17260	UGT1A1	*1/*28
NA17260	HLA-A	*29:02:01
NA17260	HLA-B	*44:03:01
NA17260	HLA-C	*16:01:01
NA17260	HLA-DRB1	*07:01:01
NA17260	HLA-DQA1	*05:01:01
NA17260	HLA-DQB1	*02:02:01
NA17260	HLA-DPA1	*02:01:02
NA17260	HLA-DPB1	*02:01:02
NA17261	CYP2C9	*1/*2
NA17261	CYP2C19	*1/*1
NA17261	UGT1A1	*1/*28
NA17261	HLA-A	*03:01:01
NA17261	HLA-B	*44:02:01
NA17261	HLA-C	*06:02:01
NA17261	HLA-DRB1	*16:07
NA17261	HLA-DQA1	*03:03:01
NA17261	HLA-DQB1	*05:02:01
NA17261	HLA-DPA1	*01:03:01
NA17261	HLA-DPB1	*04:01:01
NA17262	CYP2C9	*1/*1
NA17262	CYP2D6	*2/*41
NA17262	UGT1A1	*1/*1
NA17262	HLA-A	*11:01:01
NA17262	HLA-B	*39:01:01
NA17262	HLA-C	*07:02:01
NA17262	HLA-DRB1	*08:01:01
NA17262	HLA-DQA1	*04:01:01
NA17262	HLA-DQB1	*04:02:01
NA17262	HLA-DPA1	*01:03:01
NA17262	HLA-DPB1	*04:01:01
NA17263	CYP2C9	*1/*1
NA17263	CYP2C19	*2/*2
NA17263	CYP2D6	*1/*1
NA17263	UGT1A1	*1/*28
NA17263	HLA-A	*02:05:01
NA17263	HLA-B	*53:01:01
NA17263	HLA-C	*06:02:01
NA17263	HLA-DRB1	*13:02:01
NA17263	HLA-DQA1	*02:01:01
NA17263	HLA-DQB1	*06:04:01
NA17263	HLA-DPA1	*01:03:01
NA17263	HLA-DPB1	*13:01:01G
NA17264	CYP2C9	*1/*1
NA17264	CYP2D6	*1/*4
NA17264	UGT1A1	*1/*1
NA17264	HLA-A	*24:02:01
NA17264	HLA-B	*35:01:01
NA17264	HLA-C	*07:01:01
NA17264	HLA-DRB1	*04:01:01
NA17264	HLA-DQA1	*03:01:01
NA17264	HLA-DQB1	*05:01:01
NA17264	HLA-DPA1	*01:03:01
NA17264	HLA-DPB1	*06:01:01
NA17265	CYP2C9	*1/*1
NA17265	CYP2C19	*1/*1
NA17265	CYP2D6	*2/*2
NA17265	UGT1A1	*1/*28
NA17265	HLA-A	*26:01:01
NA17265	HLA-B	*51:01:01
NA17265	HLA-C	*15:02:01
NA17265	HLA-DRB1	*11:01:01
NA17265	HLA-DQA1	*05:05:01
NA17265	HLA-DQB1	*03:02:01
NA17265	HLA-DPA1	*01:03:01
NA17265	HLA-DPB1	*04:01:01G
NA17267	CYP2C9	*1/*1
NA17267	CYP2C19	*1/*1
NA17267	CYP2D6	*1/*4
NA17267	UGT1A1	*1/*1
NA17267	HLA-A	*02:01:01
NA17267	HLA-B	*44:02:01
NA17267	HLA-C	*07:01:02
NA17267	HLA-DRB1	*13:02:01
NA17267	HLA-DQA1	*01:02:01
NA17267	HLA-DQB1	*06:04:01
NA17267	HLA-DPA1	*01:03:01
NA17267	HLA-DPB1	*04:01:01
NA17268	CYP2C9	*1/*2
NA17268	CYP2C19	*1/*1
NA17268	CYP2D6	*1/*4
NA17268	UGT1A1	*1/*1
NA17268	HLA-A	*02:01:01
NA17268	HLA-B	*52:01:01
NA17268	HLA-C	*12:02:02
NA17268	HLA-DRB1	*15:02:01G
NA17268	HLA-DRB5	*01:02
NA17268	HLA-DQA1	*02:01:01
NA17268	HLA-DQB1	*06:01:01
NA17268	HLA-DPA1	*01:03:01
NA17268	HLA-DPB1	*04:01:01
NA17269	CYP2C9	*1/*1
NA17269	CYP2C19	*1/*2
NA17269	CYP2D6	*2/*41
NA17269	UGT1A1	*1/*1
NA17269	HLA-A	*26:01:01
NA17269	HLA-B	*40:02:01
NA17269	HLA-C	*03:04:01
NA17269	HLA-DRB1	*13:02:01
NA17269	HLA-DRB3	*03:01:01
NA17269	HLA-DQA1	*01:03:01
NA17269	HLA-DQB1	*06:04:01
NA17269	HLA-DPA1	*02:06
NA17269	HLA-DPB1	*05:01:01
NA17272	CYP2C9	*1/*1
NA17272	CYP2D6	*4/*10
NA17272	UGT1A1	*1/*28
NA17272	HLA-A	*33:01:01
NA17272	HLA-B	*44:02:01
NA17272	HLA-C	*08:02:01
NA17272	HLA-DRB1	*01:02:01
NA17272	HLA-DQA1	*01:01:02
NA17272	HLA-DQB1	*05:01:01
NA17272	HLA-DPA1	*01:03:01
NA17272	HLA-DPB1	*04:01:01
NA17274	CYP2C9	*1/*2
NA17274	CYP2D6	*1/*2
NA17274	UGT1A1	*1/*1
NA17274	HLA-A	*26:01:01
NA17274	HLA-B	*58:01:01
NA17274	HLA-C	*12:03:01
NA17274	HLA-DRB1	*04:02:01
NA17274	HLA-DRB4	*01:03:01
NA17274	HLA-DQA1	*03:01:01
NA17274	HLA-DQB1	*03:02:01
NA17274	HLA-DPA1	*01:03:01
NA17274	HLA-DPB1	*04:01:01
NA17275	CYP2C9	*1/*1
NA17275	CYP2D6	*1/*1
NA17275	UGT1A1	*1/*28
NA17275	HLA-A	*29:02:01
NA17275	HLA-B	*44:03:01
NA17275	HLA-C	*16:01:01
NA17275	HLA-DRB1	*07:01:01
NA17275	HLA-DRB4	*01:03:01
NA17275	HLA-DQA1	*02:01:01
NA17275	HLA-DQB1	*02:02:01
NA17275	HLA-DPA1	*01:03:01
NA17275	HLA-DPB1	*04:01:01
NA17276	CYP2C9	*1/*1
NA17276	CYP2D6	*2/*5
NA17276	UGT1A1	*1/*28
NA17276	HLA-A	*29:02:01
NA17276	HLA-B	*44:03:01
NA17276	HLA-C	*16:01:01
NA17276	HLA-DRB1	*15:01:01
NA17276	HLA-DQA1	*05:01:01
NA17276	HLA-DQB1	*06:02:01
NA17276	HLA-DPA1	*02:01:02
NA17276	HLA-DPB1	*01:01:01
NA17277	CYP2C9	*1/*1
NA17277	CYP2D6	*1/*1
NA17277	UGT1A1	*1/*28
NA17277	HLA-A	*31:01:02
NA17277	HLA-B	*56:01:01
NA17277	HLA-C	*02:02:02
NA17277	HLA-DRB1	*11:01:01
NA17277	HLA-DQA1	*05:05:01
NA17277	HLA-DQB1	*04:02:01
NA17277	HLA-DPA1	*01:03:01
NA17277	HLA-DPB1	*04:01:01
NA17279	CYP2C9	*1/*1
NA17279	CYP2D6	*4/*41
NA17279	UGT1A1	*1/*1
NA17279	HLA-A	*02:01:01
NA17279	HLA-B	*39:01:01
NA17279	HLA-C	*07:02:01
NA17279	HLA-DRB1	*08:01:01
NA17279	HLA-DQA1	*05:01:01
NA17279	HLA-DQB1	*04:02:01
NA17279	HLA-DPA1	*01:03:01
NA17279	HLA-DPB1	*04:01:01
NA17280	CYP2C9	*1/*2
NA17280	CYP2C19	*1/*8
NA17280	CYP2D6	*2/*3
NA17280	UGT1A1	*1/*1
NA17280	HLA-A	*11:01:01
NA17280	HLA-B	*18:01:01
NA17280	HLA-C	*07:01:01
NA17280	HLA-DRB1	*11:04:01
NA17280	HLA-DRB3	*02:02:01
NA17280	HLA-DQA1	*05:05:01
NA17280	HLA-DQB1	*03:01:01
NA17280	HLA-DPA1	*01:03:01
NA17280	HLA-DPB1	*04:02:01G
NA17281	CYP2C9	*1/*1
NA17281	CYP2D6	*5/*9
NA17281	UGT1A1	*1/*28
NA17281	HLA-A	*31:01:02
NA17281	HLA-B	*56:01:01
NA17281	HLA-C	*07:612
NA17281	HLA-DRB1	*04:01:01
NA17281	HLA-DQA1	*03:01:01
NA17281	HLA-DQB1	*05:01:01
NA17281	HLA-DPA1	*01:03:01
NA17281	HLA-DPB1	*04:02:01G
NA17282	CYP2C9	*1/*1
NA17282	CYP2C19	*1/*1
NA17282	CYP2D6	*41/*41
NA17282	UGT1A1	*28/*28
NA17282	HLA-A	*11:01:01
NA17282	HLA-B	*56:01:01
NA17282	HLA-C	*04:01:01
NA17282	HLA-DRB1	*13:01:01
NA17282	HLA-DQA1	*02:01:01
NA17282	HLA-DQB1	*06:03:01
NA17282	HLA-DPA1	*01:03:01
NA17282	HLA-DPB1	*04:01:01
NA17283	CYP2C9	*1/*2
NA17283	CYP2C19	*1/*1
NA17283	CYP2D6	*4/*41
NA17283	UGT1A1	*1/*1
NA17283	HLA-A	*03:01:01
NA17283	HLA-B	*07:02:01
NA17283	HLA-C	*07:02:01
NA17283	HLA-DRB1	*15:01:01
NA17283	HLA-DRB5	*01:01:01
NA17283	HLA-DQA1	*01:02:01
NA17283	HLA-DQB1	*06:02:01
NA17283	HLA-DPA1	*01:03:01
NA17283	HLA-DPB1	*04:01:01
NA17285	CYP2C9	*2/*3
NA17285	CYP2C19	*1/*1
NA17285	CYP2D6	*1/*1
NA17285	UGT1A1	*1/*1
NA17285	HLA-A	*23:01:01
NA17285	HLA-B	*51:08:01
NA17285	HLA-C	*16:02:01
NA17285	HLA-DRB1	*13:03:01
NA17285	HLA-DRB3	*02:02:01
NA17285	HLA-DQA1	*05:05:01
NA17285	HLA-DQB1	*03:01:01
NA17285	HLA-DPA1	*01:03:01
NA17285	HLA-DPB1	*104:01:01
NA17286	CYP2C9	*1/*1
NA17286	CYP2C19	*1/*1
NA17286	CYP2D6	*1/*4
NA17286	UGT1A1	*1/*28
NA17286	HLA-A	*03:01:01
NA17286	HLA-B	*45:01:01
NA17286	HLA-C	*08:02:01
NA17286	HLA-DRB1	*13:02:01
NA17286	HLA-DQA1	*02:01:01
NA17286	HLA-DQB1	*06:09:01
NA17286	HLA-DPA1	*01:03:01
NA17286	HLA-DPB1	*04:02:01
NA17287	CYP2C9	*1/*1
NA17287	CYP2D6	*1/*83
NA17287	UGT1A1	*1/*28
NA17287	HLA-A	*03:02:01
NA17287	HLA-B	*35:03:01
NA17287	HLA-C	*04:01:01
NA17287	HLA-DRB1	*11:01:01
NA17287	HLA-DRB3	*02:02:01
NA17287	HLA-DQA1	*05:05:01
NA17287	HLA-DQB1	*03:01:01
NA17287	HLA-DPA1	*01:03:01
NA17287	HLA-DPB1	*04:01:01
NA17288	CYP2B6	*1/*1
NA17288	CYP2C8	*1/*4
NA17288	CYP2C9	*1/*1
NA17288	CYP2C19	*2/*17
NA17288	CYP2D6	*1/*1
NA17288	CYP3A4	*1/*1
NA17288	CYP3A5	*3/*3
NA17288	SLCO1B1	*1/*1
NA17288	TPMT	*1/*1
NA17288	UGT1A1	*1/*28
NA17288	HLA-A	*02:01:01
NA17288	HLA-B	*57:01:01
NA17288	HLA-C	*06:02:01
NA17288	HLA-DRB1	*07:01:01
NA17288	HLA-DQA1	*05:01:01
NA17288	HLA-DQB1	*03:03:02
NA17288	HLA-DPA1	*02:01:02
NA17288	HLA-DPB1	*04:01:01
NA17289	CYP2C9	*1/*1
NA17289	CYP2C19	*2/*2
NA17289	CYP2D6	*2/*4
NA17289	UGT1A1	*1/*1
NA17289	HLA-A	*23:01:01
NA17289	HLA-B	*44:02:01
NA17289	HLA-C	*08:02:01
NA17289	HLA-DRB1	*04:01:01
NA17289	HLA-DQA1	*03:03:01
NA17289	HLA-DQB1	*05:01:01
NA17289	HLA-DPA1	*01:03:01
NA17289	HLA-DPB1	*04:01:01
NA17290	CYP2B6	*1/*1
NA17290	CYP2C8	*1/*1
NA17290	CYP2C19	*1/*2
NA17290	CYP2D6	*1/*41
NA17290	CYP3A4	*1/*1
NA17290	CYP3A5	*3/*3
NA17290	SLCO1B1	*1/*1
NA17290	TPMT	*1/*1
NA17290	UGT1A1	*1/*1
NA17290	HLA-A	*26:01:01
NA17290	HLA-B	*57:01:01
NA17290	HLA-C	*12:03:01
NA17290	HLA-DRB1	*15:01:01
NA17290	HLA-DQA1	*01:04:01
NA17290	HLA-DQB1	*05:03:01
NA17290	HLA-DPA1	*01:03:01
NA17290	HLA-DPB1	*04:01:01
NA17291	CYP2C9	*1/*3
NA17291	CYP2C19	*1/*1
NA17291	CYP2D6	*1/*4
NA17291	UGT1A1	*1/*28
NA17291	HLA-A	*02:01:01
NA17291	HLA-B	*35:02:01
NA17291	HLA-C	*06:02:01
NA17291	HLA-DRB1	*11:01:01
NA17291	HLA-DQA1	*05:05:01
NA17291	HLA-DQB1	*03:01:01
NA17291	HLA-DPA1	*01:03:01
NA17291	HLA-DPB1	*04:02:01G
NA17292	CYP2C9	*1/*1
NA17292	CYP2D6	*4/*4
NA17292	UGT1A1	*1/*28
NA17292	HLA-A	*02:01:01
NA17292	HLA-B	*51:01:01
NA17292	HLA-C	*14:02:01
NA17292	HLA-DRB1	*11:01:01
NA17292	HLA-DQA1	*06:01:01
NA17292	HLA-DQB1	*03:01:01
NA17292	HLA-DPA1	*02:01:01
NA17292	HLA-DPB1	*02:01:02
NA17293	CYP2C9	*1/*2
NA17293	CYP2D6	*2/*9
NA17293	UGT1A1	*28/*28
NA17293	HLA-A	*29:02:01
NA17293	HLA-B	*44:02:01
NA17293	HLA-C	*07:02:01
NA17293	HLA-DRB1	*15:01:01
NA17293	HLA-DQA1	*02:01:01
NA17293	HLA-DQB1	*06:02:01
NA17293	HLA-DPA1	*02:06
NA17293	HLA-DPB1	*05:01:01G
NA17295	CYP2C9	*1/*2
NA17295	CYP2C19	*1/*2
NA17295	CYP2D6	*1/*4
NA17295	UGT1A1	*1/*28
NA17295	HLA-A	*24:02:01
NA17295	HLA-B	*15:01:01
NA17295	HLA-C	*07:01:01
NA17295	HLA-DRB1	*15:01:01
NA17295	HLA-DQA1	*05:01:01
NA17295	HLA-DQB1	*06:02:01
NA17295	HLA-DPA1	*01:03:01
NA17295	HLA-DPB1	*23:01:01G
NA17296	CYP2C9	*1/*1
NA17296	CYP2D6	*1/*9
NA17296	UGT1A1	*28/*28
NA17296	HLA-A	*24:02:01
NA17296	HLA-B	*44:02:01
NA17296	HLA-C	*08:02:01
NA17296	HLA-DRB1	*15:01:01
NA17296	HLA-DQA1	*01:02:01
NA17296	HLA-DQB1	*06:09:01
NA17296	HLA-DPA1	*02:01:01
NA17296	HLA-DPB1	*05:01:01
NA17298	CYP2C9	*1/*1
NA17298	CYP2C19	*1/*1
NA17298	CYP2D6	*1/*1XN
NA17298	UGT1A1	*1/*28
NA17298	HLA-A	*11:01:01
NA17298	HLA-B	*08:01:01
NA17298	HLA-C	*07:02:01
NA17298	HLA-DRB1	*15:01:01
NA17298	HLA-DQA1	*05:01:01
NA17298	HLA-DQB1	*06:02:01
NA17298	HLA-DPA1	*02:01:02
NA17298	HLA-DPB1	*04:01:01
NA17300	CYP2C9	*1/*1
NA17300	CYP2D6	*1/*6
NA17300	UGT1A1	*1/*28
NA17300	HLA-A	*03:01:01
NA17300	HLA-B	*53:01:01
NA17300	HLA-C	*07:02:01
NA17300	HLA-DRB1	*07:01:01
NA17300	HLA-DRB4	*01:03:01
NA17300	HLA-DQA1	*03:01:01
NA17300	HLA-DQB1	*03:02:01
NA17300	HLA-DPA1	*02:01:01
NA17300	HLA-DPB1	*17:01:01
NA17438	CYP2C9	*1/*2
NA17438	CYP2C19	*1/*1
NA17438	CYP2D6	*2/*4
NA17438	UGT1A1	*28/*37
NA17438	HLA-A	*68:03:01
NA17438	HLA-B	*52:01:02
NA17438	HLA-C	*04:01:01
NA17438	HLA-DRB1	*14:06:01
NA17438	HLA-DQA1	*05:03
NA17438	HLA-DQB1	*03:02:01
NA17438	HLA-DPA1	*02:01:01
NA17438	HLA-DPB1	*14:01:01
NA17440	CYP2C9	*1/*1
NA17440	CYP2C19	*1/*1
NA17440	CYP2D6	*1/*1
NA17440	UGT1A1	*1/*28
NA17440	HLA-A	*02:06:01
NA17440	HLA-B	*35:23
NA17440	HLA-C	*04:01:01
NA17440	HLA-DRB1	*08:02:01
NA17440	HLA-DQA1	*04:01:01
NA17440	HLA-DQB1	*04:02:01
NA17440	HLA-DPA1	*01:03:01
NA17440	HLA-DPB1	*04:01:01
NA17448	CYP1A1	*2/*2
NA17448	CYP1A2	*1L/*1L
NA17448	CYP2A6	*1/*1
NA17448	CYP2C8	*1/*2
NA17448	CYP2C9	*1/*1
NA17448	CYP2C19	*1/*13
NA17448	CYP2D6	*1/*28
NA17448	CYP2E1	*1/*1
NA17448	CYP3A4	*1/*1
NA17448	CYP3A5	*3/*3
NA17448	CYP4F2	*3/*3
NA17448	GSTP1	*B/*B
NA17448	NAT1	*4/*4
NA17448	SLC15A2	*1/*1
NA17448	SLC22A2	*1/*1
NA17448	SLCO1B1	*1/*21
NA17448	TPMT	*1/*1
NA17448	UGT2B7	*1/*1
NA17454	CYP1A1	*1/*1
NA17454	CYP1A2	*1F/*1F
NA17454	CYP2A6	*1/*9
NA17454	CYP2B6	*1/*6
NA17454	CYP2C8	*1/*1
NA17454	CYP2C9	*1/*8
NA17454	CYP2C19	*1/*1
NA17454	CYP2D6	*1x2/*2x2
NA17454	CYP2E1	*1/*1
NA17454	CYP3A4	*1/*1
NA17454	CYP3A5	*1/*3
NA17454	CYP4F2	*1/*3
NA17454	GSTP1	*A/*B
NA17454	NAT1	*4/*4
NA17454	SLC15A2	*1/*1
NA17454	SLC22A2	*1/*3
NA17454	SLCO1B1	*1A/*1B
NA17454	TPMT	*1/*1
NA17454	UGT1A1	*1/*28
NA17454	UGT2B7	*1/*1
NA17466	CYP2C9	*1/*1
NA17466	CYP2D6	*1/*2
NA17466	UGT1A1	*1/*1
NA17466	HLA-A	*23:01:01
NA17466	HLA-B	*44:03:01
NA17466	HLA-C	*04:01:01
NA17466	HLA-DRB1	*07:01:01
NA17466	HLA-DRB4	*01:01:01
NA17466	HLA-DQA1	*02:01:01
NA17466	HLA-DQB1	*02:02:01
NA17466	HLA-DPA1	*02:01:01
NA17466	HLA-DPB1	*14:01:01
NA17618	CYP2C9	*1/*1
NA17618	CYP2C19	*1/*1
NA17618	CYP2D6	*1/*2
NA17618	UGT1A1	*1/*28
NA17618	HLA-A	*02:01:01
NA17618	HLA-B	*35:12:01
NA17618	HLA-C	*14:02:01
NA17618	HLA-DRB1	*08:02:01
NA17618	HLA-DQA1	*04:01:01
NA17618	HLA-DQB1	*05:01:01
NA17618	HLA-DPA1	*01:03:01
NA17618	HLA-DPB1	*104:01:01
NA17641	CYP1A1	*1/*1
NA17641	CYP1A2	*1F/*1F
NA17641	CYP2A6	*1/*1
NA17641	CYP2B6	*2/*6
NA17641	CYP2C8	*1/*4
NA17641	CYP2C9	*1/*1
NA17641	CYP2C19	*2/*17
NA17641	CYP2D6	*2/*35
NA17641	CYP2E1	*1/*1
NA17641	CYP3A4	*1/*1
NA17641	CYP3A5	*3/*3
NA17641	CYP4F2	*1/*1
NA17641	NAT1	*4/*4
NA17641	SLC15A2	*1/*2
NA17641	SLC22A2	*1/*1
NA17641	SLCO1B1	*1/*1
NA17641	TPMT	*1/*3A
NA17641	UGT1A1	*60/*28
NA17641	UGT2B7	*1/*2
NA17642	CYP1A1	*1/*1
NA17642	CYP1A2	*1A/*1F
NA17642	CYP2A6	*1/*1
NA17642	CYP2C8	*1/*1
NA17642	CYP2C9	*1/*3
NA17642	CYP2C19	*1/*1
NA17642	CYP2D6	*1/*1
NA17642	CYP3A4	*1/*1
NA17642	CYP3A5	*3/*3
NA17642	CYP4F2	*1/*1
NA17642	GSTP1	*B/*B
NA17642	NAT1	*4/*4
NA17642	SLC15A2	*1/*2
NA17642	SLCO1B1	*1/*15
NA17642	TPMT	*1/*1
NA17642	UGT1A1	*1/*28
NA17642	UGT2B7	*1/*2
NA17642	UGT2B15	*1/*5
NA17657	CYP1A1	*1/*2
NA17657	CYP1A2	*1F/*1L
NA17657	CYP2A6	*1/*1
NA17657	CYP2B6	*1/*6
NA17657	CYP2C8	*1/*1
NA17657	CYP2C9	*1/*1
NA17657	CYP2C19	*1/*1
NA17657	CYP2D6	*4/*9
NA17657	CYP3A4	*1/*1
NA17657	CYP3A5	*1/*3
NA17657	GSTM1	*A/*A
NA17657	GSTP1	*A/*B
NA17657	NAT1	*4/*4
NA17657	SLC15A2	*1/*2
NA17657	SLCO1B1	*1/*1
NA17657	TPMT	*1/*1
NA17657	UGT2B7	*1/*1
NA17657	UGT2B15	*1/*5
NA17658	CYP1A1	*1/*2
NA17658	CYP1A2	*1F/*1L
NA17658	CYP2A6	*1/*1
NA17658	CYP2B6	*1/*7
NA17658	CYP2C8	*1/*1
NA17658	CYP2C9	*1/*1
NA17658	CYP2C19	*1/*17
NA17658	CYP2D6	*1/*2
NA17658	CYP2E1	*1/*1
NA17658	CYP3A4	*1/*1B
NA17658	CYP3A5	*3/*3
NA17658	GSTP1	*A/*B
NA17658	NAT1	*4/*11
NA17658	SLC15A2	*1/*2
NA17658	SLC22A2	*1/*1
NA17658	SLCO1B1	*1/*15
NA17658	TPMT	*1/*1
NA17658	UGT1A1	*1/*28
NA17658	UGT2B7	*1/*2
NA17658	UGT2B15	*1/*5
NA17658	UGT2B17	*2/*2
NA17660	CYP1A1	*1/*2
NA17660	CYP1A2	*1F/*1L
NA17660	CYP2A6	*1/*9
NA17660	CYP2B6	*1/*1
NA17660	CYP2C8	*1/*1
NA17660	CYP2C9	*1/*1
NA17660	CYP2C19	*1/*1
NA17660	CYP2D6	*1/*2
NA17660	CYP2E1	*1/*1
NA17660	CYP3A4	*1/*1
NA17660	CYP3A5	*3/*3
NA17660	CYP4F2	*1/*1
NA17660	GSTP1	*B/*B
NA17660	NAT1	*4/*4
NA17660	SLC15A2	*2/*2
NA17660	SLCO1B1	*1A/*1B
NA17660	TPMT	*1/*1
NA17660	UGT1A1	*1/*1
NA17660	UGT2B7	*1/*2
NA17673	CYP1A1	*1/*2
NA17673	CYP2A6	*1/*9
NA17673	CYP2B6	*1/*6
NA17673	CYP2C8	*1/*1
NA17673	CYP2C9	*1/*1
NA17673	CYP2C19	*1/*2
NA17673	CYP2D6	*1/*4
NA17673	CYP2E1	*7/*7
NA17673	CYP3A4	*1/*1
NA17673	CYP3A5	*3/*3
NA17673	CYP4F2	*1/*1
NA17673	GSTM1	*B/*B
NA17673	GSTP1	*A/*B
NA17673	NAT1	*4/*4
NA17673	SLC15A2	*1/*2
NA17673	SLC22A2	*1/*1
NA17673	SLCO1B1	*1A/*1B
NA17673	TPMT	*1/*3A
NA17673	UGT1A1	*1/*60
NA17673	UGT2B7	*1/*2
NA17679	CYP1A1	*1/*2
NA17679	CYP1A2	*1F/*1L
NA17679	CYP2A6	*1/*9
NA17679	CYP2B6	*1/*6
NA17679	CYP2C8	*1/*1
NA17679	CYP2C9	*1/*1
NA17679	CYP2C19	*2/*17
NA17679	CYP2D6	*1/*4
NA17679	CYP3A4	*1/*1
NA17679	CYP3A5	*3/*3
NA17679	GSTP1	*A/*B
NA17679	NAT1	*4/*4
NA17679	SLC15A2	*1/*2
NA17679	SLCO1B1	*1B/*1B
NA17679	TPMT	*1/*1
NA17679	UGT1A1	*60/*28
NA17679	UGT2B7	*1/*2
NA17679	UGT2B15	*1/*2
NA17702	CYP1A1	*1/*2
NA17702	CYP2A6	*1/*9
NA17702	CYP2C8	*1/*3
NA17702	CYP2C9	*1/*2
NA17702	CYP2C19	*1/*1
NA17702	CYP2D6	*1/*35
NA17702	CYP3A4	*1/*1
NA17702	CYP3A5	*3/*3
NA17702	CYP4F2	*1/*1
NA17702	GSTM1	*A/*A
NA17702	GSTP1	*A/*B
NA17702	NAT1	*4/*4
NA17702	SLC15A2	*1/*2
NA17702	SLC22A2	*1/*1
NA17702	SLCO1B1	*1/*1
NA17702	TPMT	*1/*3A
NA17702	UGT1A1	*60/*28
NA17702	UGT2B7	*1/*1
NA17702	UGT2B15	*1/*5
NA18484	CYP1A1	*1/*1
NA18484	CYP1A2	*1/*1
NA18484	CYP2A6	*1/*9
NA18484	CYP2B6	*1/*18
NA18484	CYP2C8	*1/*4
NA18484	CYP2C9	*1/*9
NA18484	CYP2C19	*1/*2
NA18484	CYP2D6	*1/*17
NA18484	CYP2E1	*1/*7
NA18484	CYP3A4	*1B/*1B
NA18484	CYP3A5	*1/*7
NA18484	CYP4F2	*1/*2
NA18484	GSTM1	*A/*A
NA18484	GSTP1	*B/*B
NA18484	NAT1	*4/*4
NA18484	SLC15A2	*1/*2
NA18484	SLCO1B1	*1A/*1B
NA18484	TPMT	*1/*1
NA18484	UGT2B7	*1/*1
NA18484	UGT2B15	*1/*2
NA18509	CYP1A1	*1/*1
NA18509	CYP1A2	*1A/*1F
NA18509	CYP2A6	*1/*17
NA18509	CYP2B6	*1/*6
NA18509	CYP2C8	*1/*1
NA18509	CYP2C9	*1/*1
NA18509	CYP2C19	*2/*2
NA18509	CYP2D6	*2/*17
NA18509	CYP3A4	*1/*1B
NA18509	CYP3A5	*1/*7
NA18509	GSTP1	*B/*B
NA18509	NAT1	*4/*4
NA18509	SLC15A2	*1/*2
NA18509	SLC22A2	*7/K432Q
NA18509	SLCO1B1	*1A/*1B
NA18509	TPMT	*1/*1
NA18509	UGT1A1	*60/*28
NA18509	UGT2B7	*1/*2
NA18509	UGT2B15	*1/*2
NA18518	CYP1A1	*1/*1
NA18518	CYP1A2	*1A/*1A
NA18518	CYP2A6	*1/*17
NA18518	CYP2B6	*1/*6
NA18518	CYP2C8	*1/*2
NA18518	CYP2C9	*1/*1
NA18518	CYP2C19	*2/*17
NA18518	CYP2D6	*17/*29
NA18518	CYP3A4	*1B/*1B
NA18518	CYP3A5	*1/*6
NA18518	CYP4F2	*1/*2
NA18518	GSTM1	*A/*A
NA18518	GSTP1	*A/*A
NA18518	NAT1	*4/*4
NA18518	SLC15A2	*1/*2
NA18518	SLC22A2	*1/*7
NA18518	SLCO1B1	*1A/*1B
NA18518	TPMT	*1/*1
NA18518	UGT1A1	*60/*60
NA18518	UGT2B7	*1/*2
NA18518	UGT2B15	*1/*2
NA18519	CYP1A1	*1/*1
NA18519	CYP1A2	*1/*1
NA18519	CYP2A6	*1/*1
NA18519	CYP2B6	*1/*6
NA18519	CYP2C8	*1/*2
NA18519	CYP2C9	*1/*5
NA18519	CYP2C19	*1/*17
NA18519	CYP2D6	*1/*29
NA18519	CYP2E1	*1/*1
NA18519	CYP3A4	*1B/*1B
NA18519	CYP3A5	*1/*6
NA18519	GSTM1	*A/*A
NA18519	GSTP1	*A/*A
NA18519	NAT1	*4/*4
NA18519	SLC15A2	*1/*2
NA18519	SLC22A2	*1/*3
NA18519	SLCO1B1	*1B/*1B
NA18519	TPMT	*1/*1
NA18519	UGT2B7	*1/*2
NA18519	UGT2B15	*1/*1
NA18524	CYP1A1	*1/*1
NA18524	CYP1A2	*1A/*1F
NA18524	CYP2A6	*1/*1
NA18524	CYP2C8	*1/*1
NA18524	CYP2C9	*1/*3
NA18524	CYP2C19	*1/*2
NA18524	CYP3A4	*1/*1
NA18524	CYP3A5	*1/*3
NA18524	CYP4F2	*1/*3
NA18524	GSTP1	*A/*A
NA18524	NAT1	*4/*4
NA18524	SLC15A2	*2/*2
NA18524	SLCO1B1	*1/*21
NA18524	TPMT	*1/*1
NA18524	UGT1A1	*1/*1
NA18524	UGT2B7	*2/*2
NA18524	UGT2B15	*1/*5
NA18526	CYP1A1	*1/*1
NA18526	CYP2A6	*1/*9
NA18526	CYP2B6	*1/*1
NA18526	CYP2C8	*1/*1
NA18526	CYP2C9	*1/*1
NA18526	CYP2C19	*1/*1
NA18526	CYP2E1	*1/*1
NA18526	CYP3A4	*1/*1
NA18526	CYP3A5	*1/*1
NA18526	CYP4F2	*1/*3
NA18526	GSTP1	*A/*B
NA18526	NAT1	*4/*4
NA18526	SLC15A2	*1/*2
NA18526	SLC22A2	*1/*1
NA18526	SLCO1B1	*1/*15
NA18526	TPMT	*1/*1
NA18526	UGT1A1	*1/*60
NA18526	UGT2B7	*1/*2
NA18526	UGT2B15	*1/*1
NA18526	UGT2B17	*2/*2
NA18540	CYP1A1	*1/*2
NA18540	CYP1A2	*1L/*1L
NA18540	CYP2A6	*1/*1
NA18540	CYP2B6	*1/*6
NA18540	CYP2C8	*1/*1
NA18540	CYP2C9	*1/*1
NA18540	CYP2C19	*1/*2
NA18540	CYP3A4	*1/*1
NA18540	CYP3A5	*1/*3
NA18540	CYP4F2	*1/*3
NA18540	GSTM1	*B/*B
NA18540	GSTP1	*A/*A
NA18540	NAT1	*4/*4
NA18540	SLC15A2	*2/*2
NA18540	SLCO1B1	*1B/*17
NA18540	TPMT	*1/*1
NA18540	UGT1A1	*1/*28
NA18540	UGT2B7	*1/*2
NA18540	UGT2B15	*1/*5
NA18540	UGT2B17	*2/*2
NA18544	CYP1A1	*1/*2
NA18544	CYP1A2	*1F/*1L
NA18544	CYP2A6	*1/*1
NA18544	CYP2B6	*1/*1
NA18544	CYP2C8	*1/*1
NA18544	CYP2C9	*1/*1
NA18544	CYP2C19	*1/*2
NA18544	CYP2D6	*10/*41
NA18544	CYP2E1	*7/*7
NA18544	CYP3A4	*1/*1
NA18544	CYP3A5	*1/*3
NA18544	CYP4F2	*1/*1
NA18544	GSTM1	*B/*B
NA18544	GSTP1	*B/*B
NA18544	NAT1	*4/*4
NA18544	SLC15A2	*2/*2
NA18544	SLC22A2	*1/*1
NA18544	SLCO1B1	*1B/*17
NA18544	TPMT	*1/*1
NA18544	UGT2B7	*1/*1
NA18544	UGT2B15	*1/*2
NA18544	UGT2B17	*2/*2
NA18552	CYP1A1	*1/*1
NA18552	CYP1A2	*1A/*1A
NA18552	CYP2A6	*9/*9
NA18552	CYP2B6	*1/*6
NA18552	CYP2C8	*1/*1
NA18552	CYP2C9	*1/*1
NA18552	CYP2C19	*1/*4
NA18552	CYP2D6	*1/*14
NA18552	CYP3A4	*1/*1
NA18552	CYP3A5	*3/*3
NA18552	CYP4F2	*1/*3
NA18552	GSTM1	*B/*B
NA18552	GSTP1	*A/*A
NA18552	NAT1	*4/*4
NA18552	SLC15A2	*2/*2
NA18552	SLC22A2	*1/*3
NA18552	SLCO1B1	*1/*15
NA18552	TPMT	*1/*1
NA18552	UGT1A1	*1/*60
NA18552	UGT2B7	*1/*1
NA18552	UGT2B15	*1/*2
NA18552	UGT2B17	*2/*2
NA18561	CYP3A4	*1/*5
NA18563	CYP2B6	*1/*1
NA18563	CYP2C8	*1/*1
NA18563	CYP2C9	*1/*3
NA18563	CYP2C19	*1/*1
NA18563	CYP3A4	*1/*1
NA18563	CYP3A5	*1/*1
NA18563	SLCO1B1	*1/*17
NA18563	TPMT	*1/*1
NA18564	CYP1A1	*1/*1
NA18564	CYP1A2	*1A/*1A
NA18564	CYP2A6	*1/*1
NA18564	CYP2B6	*1/*1
NA18564	CYP2C8	*1/*1
NA18564	CYP2C9	*1/*1
NA18564	CYP2C19	*2/*3
NA18564	CYP3A4	*1/*1
NA18564	CYP3A5	*1/*1
NA18564	CYP4F2	*3/*3
NA18564	GSTP1	*A/*A
NA18564	NAT1	*4/*4
NA18564	NUDT15	*1/*3
NA18564	SLC15A2	*2/*2
NA18564	SLC22A2	*1/*3
NA18564	SLCO1B1	*1/*1
NA18564	TPMT	*1/*1
NA18564	UGT1A1	*1/*60
NA18564	UGT2B7	*1/*2
NA18564	UGT2B15	*2/*2
NA18565	CYP1A1	*2/*2
NA18565	CYP1A2	*1F/*1F
NA18565	CYP2A6	*9/*9
NA18565	CYP2B6	*1/*1
NA18565	CYP2C8	*1/*1
NA18565	CYP2C9	*1/*1
NA18565	CYP2C19	*1/*1
NA18565	CYP2D6	*10/*36x2
NA18565	CYP2E1	*1/*1
NA18565	CYP3A4	*1/*1
NA18565	CYP3A5	*1/*3
NA18565	CYP4F2	*1/*1
NA18565	GSTP1	*A/*B
NA18565	NAT1	*4/*4
NA18565	SLC15A2	*1/*2
NA18565	SLC22A2	*3/*3
NA18565	SLCO1B1	*1/*1
NA18565	TPMT	*1/*1
NA18565	UGT1A1	*1/*60
NA18565	UGT2B7	*2/*2
NA18565	UGT2B15	*2/*2
NA18565	UGT2B17	*2/*2
NA18572	CYP2B6	*1/*1
NA18572	CYP2C8	*1/*1
NA18572	CYP2C9	*1/*1
NA18572	CYP2C19	*1/*1
NA18572	CYP3A4	*1/*1
NA18572	CYP3A5	*1/*3
NA18572	SLCO1B1	*1/*1
NA18572	TPMT	*1/*1
NA18603	CYP3A4	*1/*21
NA18603	TPMT	*1/*6
NA18617	CYP2B6	*1/*1
NA18617	CYP2C8	*1/*1
NA18617	CYP2C9	*1/*1
NA18617	CYP2C19	*1/*2
NA18617	CYP3A4	*1/*1
NA18617	CYP3A5	*3/*3
NA18617	SLCO1B1	*1/*1
NA18617	TPMT	*1/*1
NA18855	CYP1A1	*1/*1
NA18855	CYP1A2	*1/*1
NA18855	CYP2B6	*6/*6
NA18855	CYP2C8	*1/*1
NA18855	CYP2C9	*1/*9
NA18855	CYP2C19	*1/*2
NA18855	CYP2D6	*1/*5
NA18855	CYP3A4	*1/*1B
NA18855	CYP3A5	*3/*6
NA18855	CYP4F2	*1/*1
NA18855	GSTM1	*A/*A
NA18855	GSTP1	*A/*B
NA18855	NAT1	*4/*11
NA18855	SLC15A2	*1/*1
NA18855	SLCO1B1	*1B/*1B
NA18855	TPMT	*1/*3C
NA18855	UGT2B7	*1/*2
NA18855	UGT2B15	*1/*2
NA18861	CYP1A1	*1/*1
NA18861	CYP2A6	*1/*1
NA18861	CYP2B6	*1/*18
NA18861	CYP2C8	*1/*1
NA18861	CYP2C9	*1/*1
NA18861	CYP2C19	*1/*1
NA18861	CYP2D6	*5/*29
NA18861	CYP3A4	*1B/*1B
NA18861	CYP3A5	*1/*1
NA18861	CYP4F2	*1/*1
NA18861	GSTM1	*A/*B
NA18861	GSTP1	*A/*B
NA18861	NAT1	*4/*4
NA18861	SLC15A2	*1/*1
NA18861	SLCO1B1	*1/*14
NA18861	TPMT	*1/*1
NA18861	UGT1A1	*60/*60
NA18861	UGT2B7	*1/*2
NA18861	UGT2B15	*1/*2
NA18868	CYP1A1	*1/*1
NA18868	CYP2A6	*1/*17
NA18868	CYP2B6	*1/*6
NA18868	CYP2C8	*1/*1
NA18868	CYP2C9	*1/*1
NA18868	CYP2C19	*1/*2
NA18868	CYP2D6	*2/*5
NA18868	CYP3A4	*1B/*1B
NA18868	CYP3A5	*1/*3
NA18868	GSTM1	*A/*A
NA18868	GSTP1	*A/*A
NA18868	NAT1	*4/*4
NA18868	SLC15A2	*1/*2
NA18868	SLC22A2	*1/*7
NA18868	SLCO1B1	*1B/*1B
NA18868	TPMT	*1/*1
NA18868	UGT2B7	*1/*2
NA18868	UGT2B15	*1/*1
NA18873	CYP2B6	*1/*18
NA18873	CYP2C8	*1/*1
NA18873	CYP2C9	*1/*8
NA18873	CYP2C19	*1/*2
NA18873	CYP2D6	*5/*17
NA18873	CYP3A4	*1/*1
NA18873	CYP3A5	*1/*1
NA18873	SLCO1B1	*1/*1
NA18873	TPMT	*1/*1
NA18877	CYP2C9	*1/*1
NA18877	CYP2C19	*1/*17
NA18934	CYP3A4	*1/*11
NA18941	CYP3A4	*1/*6
NA18942	CYP1A1	*1/*1
NA18942	CYP1A2	*1A/*1F
NA18942	CYP2A6	*1/*1
NA18942	CYP2B6	*1/*2
NA18942	CYP2C8	*1/*1
NA18942	CYP2C9	*1/*1
NA18942	CYP2C19	*1/*1
NA18942	CYP2D6	*2/*2
NA18942	CYP3A4	*1/*1
NA18942	CYP3A5	*3/*3
NA18942	CYP4F2	*1/*1
NA18942	GSTM1	*B/*B
NA18942	GSTP1	*A/*A
NA18942	NAT1	*4/*4
NA18942	SLC15A2	*2/*2
NA18942	SLC22A2	*1/*1
NA18942	SLCO1B1	*1B/*1B
NA18942	TPMT	*1/*1
NA18942	UGT1A1	*60/*28
NA18942	UGT2B7	*1/*1
NA18942	UGT2B17	*2/*2
NA18945	CYP2C8	*1/*1
NA18945	CYP2C9	*1/*1
NA18945	CYP2C19	*1/*2
NA18945	CYP2D6	*1/*5
NA18945	CYP3A4	*1/*1
NA18945	CYP3A5	*1/*3
NA18945	SLCO1B1	*1/*1
NA18945	TPMT	*1/*1
NA18952	CYP1A1	*1/*2
NA18952	CYP2A6	*4/*4
NA18952	CYP2B6	*1/*1
NA18952	CYP2C8	*1/*1
NA18952	CYP2C9	*1/*1
NA18952	CYP2C19	*1/*1
NA18952	CYP2D6	*2/*2
NA18952	CYP2E1	*1/*1
NA18952	CYP3A4	*1/*1
NA18952	CYP3A5	*3/*3
NA18952	CYP4F2	*1/*1
NA18952	GSTP1	*A/*A
NA18952	NAT1	*4/*4
NA18952	SLC15A2	*2/*2
NA18952	SLC22A2	*1/*1
NA18952	SLCO1B1	*1/*1
NA18952	TPMT	*1/*1
NA18952	UGT1A1	*1/*60
NA18952	UGT2B15	*1/*5
NA18952	UGT2B17	*2/*2
NA18959	CYP1A1	*1/*1
NA18959	CYP1A2	*1A/*1A
NA18959	CYP2C8	*1/*1
NA18959	CYP2C9	*1/*3
NA18959	CYP2C19	*1/*1
NA18959	CYP2E1	*1/*1
NA18959	CYP3A4	*1/*1
NA18959	CYP3A5	*1/*3
NA18959	CYP4F2	*1/*1
NA18959	GSTM1	*B/*B
NA18959	GSTP1	*A/*A
NA18959	NAT1	*4/*4
NA18959	SLC15A2	*1/*2
NA18959	SLC22A2	*1/*1
NA18959	SLCO1B1	*1B/*1B
NA18959	TPMT	*1/*1
NA18959	UGT1A1	*1/*60
NA18959	UGT2B7	*1/*2
NA18959	UGT2B15	*1/*2
NA18959	UGT2B17	*2/*2
NA18966	CYP1A1	*1/*1
NA18966	CYP1A2	*1A/*1F
NA18966	CYP2B6	*1/*6
NA18966	CYP2C8	*1/*1
NA18966	CYP2C9	*1/undefined
NA18966	CYP2C19	*1/*1
NA18966	CYP2D6	*1/*2
NA18966	CYP2E1	*1/*1
NA18966	CYP3A4	*1/*16
NA18966	CYP3A5	*1/*3
NA18966	CYP4F2	*1/*3
NA18966	GSTP1	*A/*A
NA18966	NAT1	*4/*4
NA18966	SLC15A2	*2/*2
NA18966	SLCO1B1	*1/*1
NA18966	TPMT	*1/*3C
NA18966	UGT1A1	*1/*6
NA18966	UGT2B7	*1/*2
NA18966	UGT2B15	*1/*2
NA18966	UGT2B17	*2/*2
NA18973	CYP1A1	*1/*1
NA18973	CYP1A2	*1F/*1L
NA18973	CYP2A6	*4/*4
NA18973	CYP2B6	*1/*6
NA18973	CYP2C8	*1/*1
NA18973	CYP2C9	*1/*1
NA18973	CYP2C19	*1/*1
NA18973	CYP2D6	*1/*21
NA18973	CYP2E1	*1/*7
NA18973	CYP3A4	*1/*1
NA18973	CYP3A5	*1/*3
NA18973	CYP4F2	*1/*1
NA18973	GSTM1	*A/*B
NA18973	GSTP1	*A/*A
NA18973	NAT1	*4/*4
NA18973	SLC15A2	*1/*2
NA18973	SLC22A2	*1/*1
NA18973	SLCO1B1	*1/*1
NA18973	TPMT	*1/*1
NA18973	UGT1A1	*1/*6
NA18973	UGT2B15	*1/*2
NA18973	UGT2B17	*2/*2
NA18978	CYP3A4	*1/*16
NA18980	CYP1A1	*1/*2
NA18980	CYP2A6	*9/*9
NA18980	CYP2B6	*6/*6
NA18980	CYP2C8	*1/*1
NA18980	CYP2C9	*1/*1
NA18980	CYP2C19	*1/*1
NA18980	CYP3A4	*1/*1
NA18980	CYP3A5	*1/*3
NA18980	CYP4F2	*1/*1
NA18980	GSTM1	*A/*A
NA18980	GSTP1	*A/*A
NA18980	NAT1	*4/*4
NA18980	SLC15A2	*2/*2
NA18980	SLCO1B1	*1A/*1B
NA18980	TPMT	*1/*1
NA18980	UGT1A1	*6/*6
NA18980	UGT2B15	*1/*2
NA18980	UGT2B17	*2/*2
NA18992	CYP1A1	*1/*1
NA18992	CYP1A2	*1A/*1A
NA18992	CYP2A6	*1/*9
NA18992	CYP2B6	*1/*6
NA18992	CYP2C8	*1/*1
NA18992	CYP2C9	*1/*1
NA18992	CYP2C19	*1/*1
NA18992	CYP2D6	*1/*5
NA18992	CYP3A4	*1/*1
NA18992	CYP3A5	*3/*3
NA18992	CYP4F2	*1/*1
NA18992	GSTM1	*B/*B
NA18992	GSTP1	*A/*A
NA18992	NAT1	*4/*4
NA18992	NUDT15	*1/*3
NA18992	SLC15A2	*1/*2
NA18992	SLCO1B1	*1/*17
NA18992	TPMT	*1/*1
NA18992	UGT1A1	*1/*1
NA18992	UGT2B15	*2/*2
NA18992	UGT2B17	*2/*2
NA19003	CYP1A1	*1/*1
NA19003	CYP1A2	*1A/*1F
NA19003	CYP2A6	*1/*1
NA19003	CYP2B6	*1/*6
NA19003	CYP2C8	*1/*1
NA19003	CYP2C9	*1/*1
NA19003	CYP2C19	*1/*2
NA19003	CYP2D6	*1/*1
NA19003	CYP2E1	*1/*7
NA19003	CYP3A4	*1/*1
NA19003	CYP3A5	*3/*3
NA19003	CYP4F2	*1/*1
NA19003	GSTP1	*A/*A
NA19003	NAT1	*4/*4
NA19003	SLC15A2	*2/*2
NA19003	SLCO1B1	*1B/*1B
NA19003	TPMT	*1/*1
NA19003	UGT1A1	*1/*1
NA19003	UGT2B7	*1/*2
NA19003	UGT2B15	*2/*2
NA19007	CYP1A1	*1/*2
NA19007	CYP2B6	*1/*1
NA19007	CYP2C8	*1/*1
NA19007	CYP2C9	*1/*1
NA19007	CYP2C19	*1/*1
NA19007	CYP2D6	*1/*1
NA19007	CYP3A4	*1/*1
NA19007	CYP3A5	*3/*3
NA19007	CYP4F2	*1/*3
NA19007	GSTP1	*A/*A
NA19007	NAT1	*4/*4
NA19007	SLC15A2	*1/*2
NA19007	SLCO1B1	*1B/*1B
NA19007	TPMT	*1/*1
NA19007	UGT1A1	*1/*6
NA19007	UGT2B15	*1/*2
NA19007	UGT2B17	*2/*2
NA19035	CYP2B6	*1/*6
NA19035	CYP2C8	*2/*2
NA19035	CYP2C9	*1/*1
NA19035	CYP2C19	*17/*17
NA19035	CYP2D6	*2/*5
NA19035	CYP3A4	*1/*12
NA19035	CYP3A5	*1/*7
NA19035	SLCO1B1	*1/*1
NA19035	TPMT	*3C/*3C
NA19075	CYP2C9	*1/*13
NA19075	CYP2C19	*1/*2
NA19079	NUDT15	*2/*5
NA19095	CYP1A1	*1/*1
NA19095	CYP1A2	*1/*1
NA19095	CYP2A6	*9/*9
NA19095	CYP2B6	*18/*18
NA19095	CYP2C8	*1/*2
NA19095	CYP2C9	*1/*1
NA19095	CYP2C19	*1/*1
NA19095	CYP2D6	*1/*29
NA19095	CYP2E1	*1/*7
NA19095	CYP3A4	*1/*1B
NA19095	CYP3A5	*1/*3
NA19095	CYP4F2	*1/*3
NA19095	GSTM1	*A/*A
NA19095	GSTP1	*A/*B
NA19095	NAT1	*4/*4
NA19095	SLC15A2	*2/*2
NA19095	SLCO1B1	*1B/*1B
NA19095	TPMT	*1/*1
NA19095	UGT2B7	*1/*2
NA19095	UGT2B15	*1/*1
NA19109	CYP1A1	*1/*1
NA19109	CYP1A2	*1A/*1F
NA19109	CYP2A6	*17/*20
NA19109	CYP2B6	*1/*6
NA19109	CYP2C8	*2/*2
NA19109	CYP2C9	*1/*1
NA19109	CYP2C19	*17/*17
NA19109	CYP2D6	*2x2/*29
NA19109	CYP2E1	*1/*1
NA19109	CYP3A4	*1/*15
NA19109	CYP3A5	*1/*3
NA19109	CYP4F2	*1/*1
NA19109	GSTM1	*A/*A
NA19109	GSTP1	*A/*B
NA19109	NAT1	*4/*4
NA19109	SLC15A2	*1/*2
NA19109	SLCO1B1	*1/*15
NA19109	TPMT	*1/*1
NA19109	UGT1A1	*1/*60
NA19109	UGT2B7	*1/*1
NA19109	UGT2B15	*1/*2
NA19122	CYP1A1	*1/*1
NA19122	CYP2A6	*1/*1
NA19122	CYP2B6	*6/*6
NA19122	CYP2C8	*1/*1
NA19122	CYP2C9	*1/*11
NA19122	CYP2C19	*2/*35
NA19122	CYP2D6	*2/*17
NA19122	CYP2E1	*7/*7
NA19122	CYP3A4	*1B/*1B
NA19122	CYP3A5	*1/*1
NA19122	GSTM1	*A/*A
NA19122	GSTP1	*A/*B
NA19122	NAT1	*4/*4
NA19122	SLC15A2	*1/*2
NA19122	SLCO1B1	*1B/*1B
NA19122	TPMT	*1/*1
NA19122	UGT2B7	*1/*1
NA19122	UGT2B15	*2/*2
NA19143	CYP1A1	*1/*1
NA19143	CYP1A2	*1A/*1F
NA19143	CYP2A6	*1/*1
NA19143	CYP2B6	*6/*6
NA19143	CYP2C8	*1/*17
NA19143	CYP2C9	*1/*6
NA19143	CYP2C19	*1/*39
NA19143	CYP3A4	*1B/*1B
NA19143	CYP3A5	*6/*7
NA19143	CYP4F2	*1/*1
NA19143	GSTM1	*A/*A
NA19143	GSTP1	*A/*B
NA19143	NAT1	*4/*4
NA19143	SLC15A2	*1/*2
NA19143	SLCO1B1	*1B/*1B
NA19143	TPMT	*1/*1
NA19143	UGT2B7	*1/*2
NA19143	UGT2B15	*1/*1
NA19147	CYP1A1	*1/*1
NA19147	CYP1A2	*1A/*1A
NA19147	CYP2A6	*1/*9
NA19147	CYP2B6	*1/*18
NA19147	CYP2C8	*1/*1
NA19147	CYP2C9	*1/*1
NA19147	CYP2C19	*1/*17
NA19147	CYP2D6	*17/*29
NA19147	CYP3A4	*1/*1B
NA19147	CYP3A5	*1/*3
NA19147	CYP4F2	*1/*1
NA19147	GSTM1	*A/*B
NA19147	GSTP1	*A/*B
NA19147	NAT1	*4/*4
NA19147	SLC15A2	*1/*2
NA19147	SLC22A2	*1/*3
NA19147	SLCO1B1	*1B/*1B
NA19147	TPMT	*1/*1
NA19147	UGT2B7	*1/*1
NA19147	UGT2B15	*2/*2
NA19160	CYP3A4	*1/*24
NA19174	CYP1A1	*1/*1
NA19174	CYP2A6	*1/*9
NA19174	CYP2B6	*6/*18
NA19174	CYP2C8	*1/*1
NA19174	CYP2C9	*1/*1
NA19174	CYP2C19	*1/*2
NA19174	CYP2D6	*4/*40
NA19174	CYP3A4	*1B/*1B
NA19174	CYP3A5	*1/*6
NA19174	CYP4F2	*1/*1
NA19174	GSTP1	*A/*B
NA19174	NAT1	*4/*4
NA19174	SLC15A2	*1/*1
NA19174	SLCO1B1	*1A/*1B
NA19174	TPMT	*1/*1
NA19174	UGT2B7	*1/*1
NA19174	UGT2B15	*1/*2
NA19176	CYP1A1	*1/*1
NA19176	CYP1A2	*1/*1
NA19176	CYP2B6	*6/*6
NA19176	CYP2C8	*2/*2
NA19176	CYP2C9	*1/*1
NA19176	CYP2C19	*2/*17
NA19176	CYP2D6	*1/*2
NA19176	CYP3A4	*1B/*1B
NA19176	CYP3A5	*1/*3
NA19176	CYP4F2	*1/*1
NA19176	GSTM1	*A/*A
NA19176	GSTP1	*A/*B
NA19176	NAT1	*4/*4
NA19176	SLC15A2	*1/*2
NA19176	SLCO1B1	*1A/*1B
NA19176	TPMT	*1/*8
NA19176	UGT2B7	*1/*1
NA19176	UGT2B15	*1/*5
NA19178	CYP1A1	*1/*1
NA19178	CYP1A2	*1L/*1L
NA19178	CYP2A6	*1/*20
NA19178	CYP2B6	*6/*6
NA19178	CYP2C8	*1/*1
NA19178	CYP2C9	*5/*9
NA19178	CYP2C19	*1/*6
NA19178	CYP2D6	*1/*1
NA19178	CYP3A4	*1B/*1B
NA19178	CYP3A5	*1/*1
NA19178	CYP4F2	*1/*1
NA19178	GSTM1	*A/*A
NA19178	GSTP1	*A/*B
NA19178	NAT1	*4/*4
NA19178	SLC15A2	*2/*2
NA19178	SLCO1B1	*1A/*1B
NA19178	TPMT	*1/*1
NA19178	UGT2B7	*1/*1
NA19178	UGT2B15	*2/*2
NA19180	CYP2D6	*1/*58
NA19207	CYP1A1	*1/*1
NA19207	CYP1A2	*1A/*1F
NA19207	CYP2A6	*1/*17
NA19207	CYP2B6	*1/*6
NA19207	CYP2C8	*1/*2
NA19207	CYP2C9	*1/*1
NA19207	CYP2C19	*2/*17
NA19207	CYP2D6	*2x2/*10
NA19207	CYP2E1	*7/*7
NA19207	CYP3A4	*1B/*1B
NA19207	CYP3A5	*3/*7
NA19207	CYP4F2	*1/*1
NA19207	GSTP1	*A/*B
NA19207	NAT1	*4/*4
NA19207	SLC15A2	*1/*1
NA19207	SLCO1B1	*1A/*1B
NA19207	TPMT	*1/*1
NA19207	UGT2B7	*1/*2
NA19207	UGT2B15	*1/*2
NA19213	CYP1A1	*1/*1
NA19213	CYP1A2	*1A/*1A
NA19213	CYP2A6	*1/*17
NA19213	CYP2B6	*6/*6
NA19213	CYP2C8	*1/*17
NA19213	CYP2C9	*1/*6
NA19213	CYP2C19	*1/*39
NA19213	CYP2D6	*1/*1
NA19213	CYP3A4	*1B/*1B
NA19213	CYP3A5	*1/*6
NA19213	CYP4F2	*1/*1
NA19213	GSTM1	*A/*A
NA19213	GSTP1	*A/*B
NA19213	NAT1	*4/*4
NA19213	SLC15A2	*1/*2
NA19213	SLCO1B1	*1/*14
NA19213	TPMT	*1/*1
NA19213	UGT2B7	*1/*2
NA19213	UGT2B15	*1/*2
NA19226	CYP1A1	*1/*1
NA19226	CYP1A2	*1A/*1A
NA19226	CYP2A6	*1/*17
NA19226	CYP2C8	*1/*1
NA19226	CYP2C9	*1/*8
NA19226	CYP2C19	*1/*2
NA19226	CYP2D6	*2/*2x2
NA19226	CYP2E1	*1/*7
NA19226	CYP3A4	*1/*15
NA19226	CYP3A5	*1/*6
NA19226	GSTM1	*A/*A
NA19226	GSTP1	*A/*A
NA19226	NAT1	*4/*4
NA19226	SLC15A2	*1/*2
NA19226	SLCO1B1	*1/*1
NA19226	TPMT	*1/*1
NA19226	UGT1A1	*1/*60
NA19226	UGT2B7	*1/*2
NA19226	UGT2B15	*1/*1
NA19238	CYP2B6	*1/*6
NA19238	CYP2C8	*1/*1
NA19238	CYP2C9	*1/*1
NA19238	CYP2C19	*1/*1
NA19238	CYP2D6	*1/*17
NA19238	CYP3A4	*1/*1
NA19238	CYP3A5	*1/*1
NA19238	SLCO1B1	*1/*1
NA19238	TPMT	*1/*1
NA19239	CYP1A1	*1/*1
NA19239	CYP2A6	*1/*17
NA19239	CYP2B6	*1/*6
NA19239	CYP2C8	*1/*2
NA19239	CYP2C9	*1/*1
NA19239	CYP2C19	*13/*17
NA19239	CYP2D6	*15/*17
NA19239	CYP3A4	*1/*1B
NA19239	CYP3A5	*1/*1
NA19239	CYP4F2	*1/*1
NA19239	GSTM1	*A/*A
NA19239	GSTP1	*A/*A
NA19239	NAT1	*4/*4
NA19239	SLC15A2	*1/*2
NA19239	SLCO1B1	*1/*1
NA19239	TPMT	*1/*1
NA19239	UGT2B7	*1/*1
NA19239	UGT2B15	*1/*1
NA19317	CYP2D6	*5/*5
NA19327	CYP2C9	*1/*1
NA19327	CYP2C19	*2/*35
NA19395	CYP2C9	*1/*1
NA19395	CYP2C19	*1/*3
NA19444	CYP2B6	*1/*6
NA19444	CYP2C8	*1/*2
NA19444	CYP2C9	*1/*1
NA19444	CYP2C19	*1/*17
NA19444	CYP2D6	*1/*1
NA19444	CYP3A4	*1/*1
NA19444	CYP3A5	*3/*7
NA19444	SLCO1B1	*1/*1
NA19444	TPMT	*1/*1
NA19466	CYP2C9	*1/*9
NA19466	CYP2C19	*1/*9
NA19700	CYP2B6	*1/*6
NA19700	CYP2C8	*1/*1
NA19700	CYP2C9	*1/*9
NA19700	CYP2C19	*1/*1
NA19700	CYP2D6	*4/*29
NA19700	CYP3A4	*1/*1
NA19700	CYP3A5	*1/*3
NA19700	SLCO1B1	*1/*1
NA19700	TPMT	*1/*1
NA19777	CYP2D6	*1/*82
NA19785	CYP2B6	*1/*1
NA19785	CYP2C8	*1/*1
NA19785	CYP2C9	*1/*1
NA19785	CYP2C19	*1/*1
NA19785	CYP3A4	*1/*1
NA19785	CYP3A5	*1/*3
NA19785	SLCO1B1	*1/*1
NA19785	TPMT	*1/*1
NA19789	CYP1A1	*1/*2
NA19789	CYP2A6	*1/*1
NA19789	CYP2C8	*1/*3
NA19789	CYP2C9	*1/*2
NA19789	CYP2C19	*1/*1
NA19789	CYP2D6	*1/*1
NA19789	CYP2E1	*1/*1
NA19789	CYP3A4	*1/*1
NA19789	CYP3A5	*3/*3
NA19789	GSTM1	*B/*B
NA19789	GSTP1	*A/*A
NA19789	NAT1	*4/*4
NA19789	SLC15A2	*1/*1
NA19789	SLCO1B1	*1/*1
NA19789	TPMT	*1/*1
NA19789	UGT1A1	*60/*60
NA19789	UGT2B7	*1/*1
NA19789	UGT2B15	*1/*1
NA19819	CYP1A1	*1/*1
NA19819	CYP1A2	*1F/*1L
NA19819	CYP2A6	*1/*1
NA19819	CYP2B6	*1/*1
NA19819	CYP2C8	*1/*2
NA19819	CYP2C9	*1/*1
NA19819	CYP2C19	*1/*17
NA19819	CYP2D6	*2/*4x2
NA19819	CYP2E1	*1/*7
NA19819	CYP3A4	*1/*1B
NA19819	CYP3A5	*3/*6
NA19819	GSTM1	*A/*B
NA19819	GSTP1	*A/*A
NA19819	NAT1	*4/*4
NA19819	SLC15A2	*1/*2
NA19819	SLCO1B1	*1B/*1B
NA19819	TPMT	*1/*1
NA19819	UGT2B7	*1/*1
NA19908	CYP1A1	*1/*2
NA19908	CYP1A2	*1L/*1L
NA19908	CYP2A6	*1/*17
NA19908	CYP2B6	*1/*6
NA19908	CYP2C8	*1/*1
NA19908	CYP2C9	*1/*5
NA19908	CYP2C19	*1/*17
NA19908	CYP2D6	*1/*46
NA19908	CYP2E1	*7/*7
NA19908	CYP3A5	*1/*3
NA19908	GSTM1	*A/*A
NA19908	GSTP1	*B/*C
NA19908	NAT1	*4/*4
NA19908	SLC15A2	*1/*2
NA19908	SLC22A2	*3/*6
NA19908	SLCO1B1	*1/*1
NA19908	TPMT	*1/*1
NA19908	UGT2B7	*1/*1
NA19908	UGT2B17	*2/*2
NA19917	CYP2B6	*6/*6
NA19917	CYP2C8	*1/*16
NA19917	CYP2C9	*1/*1
NA19917	CYP2C19	*2/*15
NA19917	CYP2D6	*1/*40
NA19917	CYP3A4	*1/*1
NA19917	CYP3A5	*1/*7
NA19917	SLCO1B1	*1/*1
NA19917	TPMT	*1/*1
NA19920	CYP1A1	*1/*1
NA19920	CYP1A2	*1A/*1A
NA19920	CYP2A6	*1/*1
NA19920	CYP2B6	*6/*6
NA19920	CYP2C8	*1/*1
NA19920	CYP2C9	*1/*1
NA19920	CYP2C19	*1/*1
NA19920	CYP2D6	*1/*4x2
NA19920	CYP3A4	*1B/*1B
NA19920	CYP3A5	*7/*7
NA19920	CYP4F2	*1/*1
NA19920	GSTM1	*A/*A
NA19920	GSTP1	*A/*B
NA19920	NAT1	*4/*4
NA19920	SLC15A2	*2/*2
NA19920	SLCO1B1	*1/*1
NA19920	TPMT	*1/*3C
NA19920	UGT2B7	*1/*2
NA19920	UGT2B15	*1/*2
NA20289	CYP2D6	*6/*11
NA20296	CYP1A1	*1/*1
NA20296	CYP1A2	*1L/*1L
NA20296	CYP2A6	*1/*1
NA20296	CYP2B6	*1/*2
NA20296	CYP2C8	*1/*1
NA20296	CYP2C9	*1/*1
NA20296	CYP2C19	*1/*1
NA20296	CYP2D6	*1/*2
NA20296	CYP2E1	*1/*1
NA20296	CYP3A4	*1B/*1B
NA20296	CYP3A5	*1/*6
NA20296	CYP4F2	*1/*1
NA20296	GSTM1	*A/*A
NA20296	GSTP1	*B/*B
NA20296	NAT1	*4/*4
NA20296	SLC15A2	*2/*2
NA20296	SLC22A2	*3/*3
NA20296	SLCO1B1	*1B/*1B
NA20296	TPMT	*1/*3C
NA20296	UGT1A1	*1/*60
NA20296	UGT2B7	*1/*1
NA20296	UGT2B15	*1/*5
NA20296	UGT2B17	*2/*2
NA20509	CYP1A1	*1/*1
NA20509	CYP1A2	*1A/*1F
NA20509	CYP2A6	*1/*1
NA20509	CYP2B6	*1/*7
NA20509	CYP2C8	*1/*4
NA20509	CYP2C9	*1/*1
NA20509	CYP2C19	*2/*2
NA20509	CYP2D6	*4/*35
NA20509	CYP2E1	*1/*1
NA20509	CYP3A4	*1/*1
NA20509	CYP3A5	*3/*3
NA20509	CYP4F2	*1/*1
NA20509	GSTP1	*A/*A
NA20509	NAT1	*4/*4
NA20509	SLC15A2	*1/*2
NA20509	SLCO1B1	*1/*15
NA20509	TPMT	*1/*1
NA20509	UGT2B7	*1/*2
NA20509	UGT2B15	*2/*5
NA20803	CYP2D6	*2/*22
NA20813	CYP3A4	*1/*7
NA20875	CYP2D6	*1/*111
NA21095	CYP3A4	*1/*19
NA21105	CYP2D6	*3/*111
NA21781	CYP2B6	*1/*1
NA21781	CYP2C8	*1/*1
NA21781	CYP2C9	*1/*1
NA21781	CYP2C19	*1/*2
NA21781	CYP3A4	*1/*1
NA21781	CYP3A5	*3/*3
NA21781	TPMT	*1/*1
NA23090	CYP2B6	*1/*1
NA23090	CYP2C8	*1/*1
NA23090	CYP2C9	*1/*1
NA23090	CYP2C19	*2/*2
NA23090	CYP3A4	*1/*1
NA23090	CYP3A5	*1/*3
NA23090	SLCO1B1	*1/*1
NA23090	TPMT	*1/*1
NA23090	HLA-A	*11:01:01
NA23090	HLA-B	*51:01:01
NA23090	HLA-C	*14:02:01
NA23090	HLA-DRB1	*09:01:02
NA23090	HLA-DRB4	*01:03:02
NA23090	HLA-DQA1	*03:03:01
NA23090	HLA-DQB1	*04:01:01
NA23090	HLA-DPA1	*02:02:02
NA23090	HLA-DPB1	*05:01:01
NA23093	CYP2B6	*1/*1
NA23093	CYP2C8	*1/*1
NA23093	CYP2C9	*1/*1
NA23093	CYP2C19	*2/*2
NA23093	CYP3A4	*1/*1
NA23093	CYP3A5	*1/*3
NA23093	NUDT15	*1/*5
NA23093	SLCO1B1	*1/*1
NA23093	TPMT	*1/*1
NA23093	HLA-A	*11:01:01
NA23093	HLA-B	*15:02:01
NA23093	HLA-C	*08:01:01
NA23093	HLA-DRB1	*12:02:01
NA23093	HLA-DRB3	*03:01:03
NA23093	HLA-DQA1	*06:01:01
NA23093	HLA-DQB1	*03:01:01
NA23093	HLA-DPA1	*02:02:02
NA23093	HLA-DPB1	*21:01
NA23246	CYP1A1	*1/*2
NA23246	CYP2A6	*1/*1
NA23246	CYP2B6	*1/*6
NA23246	CYP2C8	*1/*1
NA23246	CYP2C9	*1/*1
NA23246	CYP2C19	*3/*17
NA23246	CYP2E1	*1/*1
NA23246	CYP3A4	*1/*1
NA23246	CYP3A5	*3/*3
NA23246	CYP4F2	*1/*3
NA23246	GSTM1	*B/*B
NA23246	GSTP1	*A/*A
NA23246	NAT1	*4/*4
NA23246	SLC15A2	*2/*2
NA23246	SLC22A2	*1/*1
NA23246	SLCO1B1	*1/*17
NA23246	TPMT	*1/*1
NA23246	UGT2B7	*1/*2
NA23246	UGT2B15	*2/*2
NA23275	CYP1A1	*1/*1
NA23275	CYP1A2	*1A/*1A
NA23275	CYP2A6	*1/*1
NA23275	CYP2B6	*1/*6
NA23275	CYP2C8	*1/*1
NA23275	CYP2C9	*5/*5
NA23275	CYP2C19	*1/*1
NA23275	CYP2D6	*1/*40
NA23275	CYP2E1	*1/*7
NA23275	CYP3A4	*1B/*1B
NA23275	CYP3A5	*1/*1
NA23275	CYP4F2	*1/*1
NA23275	GSTP1	*A/*B
NA23275	NAT1	*4/*4
NA23275	SLC15A2	*1/*2
NA23275	SLCO1B1	*1B/*1B
NA23275	TPMT	*1/*8
NA23275	UGT2B7	*1/*2
NA23275	UGT2B15	*1/*1
NA23296	CYP2B6	*1/*1
NA23296	CYP2C8	*1/*1
NA23296	CYP2C9	*1/*1
NA23296	CYP2C19	*1/*1
NA23296	CYP2D6	*2x2/*4
NA23296	CYP3A4	*1/*1
NA23296	CYP3A5	*3/*3
NA23296	SLCO1B1	*1/*1
NA23296	TPMT	*1/*1
NA23297	CYP2B6	*1/*1
NA23297	CYP2C8	*1/*2
NA23297	CYP2C9	*1/*1
NA23297	CYP2C19	*1/*17
NA23297	CYP2D6	*10x2/*17
NA23297	CYP3A4	*1/*1
NA23297	CYP3A5	*1/*7
NA23297	SLCO1B1	*1/*1
NA23297	TPMT	*1/*1
NA23313	CYP1A1	*1/*1
NA23313	CYP1A2	*1F/*1F
NA23313	CYP2A6	*1/*1
NA23313	CYP2B6	*1/*7
NA23313	CYP2C8	*1/*1
NA23313	CYP2C9	*1/*1
NA23313	CYP2C19	*1/*17
NA23313	CYP2D6	*2x2/*2
NA23313	CYP2E1	*1/*1
NA23313	CYP3A4	*1/*22
NA23313	CYP3A5	*3/*3
NA23313	GSTM1	*B/*B
NA23313	GSTP1	*A/*A
NA23313	NAT1	*4/*4
NA23313	SLC15A2	*1/*2
NA23313	SLCO1B1	*1/*1
NA23313	TPMT	*1/*1
NA23313	UGT2B7	*1/*2
NA23313	UGT2B15	*1/*2
NA23348	CYP1A1	*1/*1
NA23348	CYP1A2	*1A/*1F
NA23348	CYP2A6	*1/*1
NA23348	CYP2B6	*1/*7
NA23348	CYP2C8	*1/*3
NA23348	CYP2C9	*1/*2
NA23348	CYP2C19	*8/*17
NA23348	CYP2D6	*7/*35
NA23348	CYP2E1	*1/*1
NA23348	CYP3A4	*1/*1
NA23348	CYP3A5	*3/*3
NA23348	GSTM1	*A/*A
NA23348	GSTP1	*B/*B
NA23348	NAT1	*4/*4
NA23348	SLC15A2	*2/*2
NA23348	SLCO1B1	*1/*1
NA23348	TPMT	*1/*1
NA23348	UGT1A1	*60/*28
NA23348	UGT2B7	*1/*2
NA23348	UGT2B15	*1/*5
NA23405	CYP2B6	*1/*6
NA23405	CYP2C8	*1/*1
NA23405	CYP2C9	*1/*3
NA23405	CYP2C19	*1/*2
NA23405	CYP2D6	*1/*7
NA23405	CYP3A4	*1/*1
NA23405	CYP3A5	*1/*3
NA23405	SLCO1B1	*1/*1
NA23405	TPMT	*1/*1
NA23872	CYP2B6	*1/*1
NA23872	CYP2C8	*1/*3
NA23872	CYP2C9	*1/*2
NA23872	CYP2C19	*1/*8
NA23872	CYP2D6	*2/*2
NA23872	CYP3A4	*1/*1
NA23872	CYP3A5	*3/*3
NA23872	SLCO1B1	*1/*1
NA23872	TPMT	*1/*1
NA23873	CYP1A1	*1/*1
NA23873	CYP1A2	*1F/*1F
NA23873	CYP2A6	*1/*1
NA23873	CYP2B6	*1/*1
NA23873	CYP2C8	*3/*3
NA23873	CYP2C9	*2/*2
NA23873	CYP2C19	*1/*8
NA23873	CYP2D6	*1/*4
NA23873	CYP2E1	*1/*1
NA23873	CYP3A4	*1/*1
NA23873	CYP3A5	*3/*3
NA23873	GSTM1	*A/*A
NA23873	GSTP1	*A/*B
NA23873	NAT1	*4/*4
NA23873	SLC15A2	*2/*2
NA23873	SLCO1B1	*1/*1
NA23873	TPMT	*1/*1
NA23873	UGT1A1	*1/*60
NA23873	UGT2B7	*1/*1
NA23873	UGT2B15	*5/*5
NA23874	CYP1A1	*1/*1
NA23874	CYP1A2	*1A/*1F
NA23874	CYP2A6	*1/*1
NA23874	CYP2C8	*1/*1
NA23874	CYP2C9	*1/*1
NA23874	CYP2C19	*2/*6
NA23874	CYP2D6	*4/*4
NA23874	CYP2E1	*1/*1
NA23874	CYP3A4	*1/*1
NA23874	CYP3A5	*3/*3
NA23874	CYP4F2	*1/*1
NA23874	GSTP1	*A/*A
NA23874	NAT1	*4/*14
NA23874	SLC15A2	*1/*2
NA23874	SLC22A2	*1/*1
NA23874	SLCO1B1	*1/*14
NA23874	TPMT	*1/*1
NA23874	UGT2B7	*1/*2
NA23874	UGT2B15	*2/*2
NA23877	CYP1A1	*1/*1
NA23877	CYP1A2	*1A/*1F
NA23877	CYP2A6	*1/*1
NA23877	CYP2B6	*1/*1
NA23877	CYP2C8	*1/*4
NA23877	CYP2C9	*1/*1
NA23877	CYP2C19	*1/*2
NA23877	CYP2D6	*15/*41
NA23877	CYP3A4	*1/*1
NA23877	CYP3A5	*3/*3
NA23877	CYP4F2	*1/*1
NA23877	GSTM1	*B/*B
NA23877	GSTP1	*A/*A
NA23877	NAT1	*4/*4
NA23877	SLC15A2	*1/*1
NA23877	SLC22A2	*1/*3
NA23877	SLCO1B1	*1/*1
NA23877	TPMT	*1/*1
NA23877	UGT1A1	*60/*28
NA23877	UGT2B7	*1/*2
NA23877	UGT2B15	*1/*5
NA23878	CYP2B6	*1/*1
NA23878	CYP2C8	*1/*1
NA23878	CYP2C9	*1/*1
NA23878	CYP3A4	*1/*1
NA23878	CYP3A5	*3/*3
NA23878	SLCO1B1	*1/*1
NA23878	TPMT	*1/*1
NA23881	CYP2B6	*6/*6
NA23881	CYP2C8	*1/*3
NA23881	CYP2C9	*1/*2
NA23881	CYP2C19	*1/*4
NA23881	CYP2D6	*2/*41
NA23881	CYP3A4	*1/*1
NA23881	CYP3A5	*3/*3
NA23881	SLCO1B1	*1/*1
NA23881	TPMT	*1/*1
NA24008	CYP1A1	*1/*2
NA24008	CYP1A2	*1F/*1L
NA24008	CYP2A6	*1/*9
NA24008	CYP2B6	*1/*1
NA24008	CYP2C8	*1/*1
NA24008	CYP2C9	*1/*1
NA24008	CYP2C19	*9/*17
NA24008	CYP2D6	*1/*4
NA24008	CYP3A4	*22/*22
NA24008	CYP3A5	*3/*3
NA24008	GSTM1	*A/*A
NA24008	GSTP1	*A/*B
NA24008	NAT1	*4/*4
NA24008	SLC15A2	*1/*1
NA24008	SLC22A2	*1/*1
NA24008	SLCO1B1	*1/*15
NA24008	TPMT	*1/*1
NA24008	UGT1A1	*60/*28
NA24008	UGT2B7	*1/*1
NA24008	UGT2B15	*2/*5
NA24009	CYP1A1	*1/*1
NA24009	CYP1A2	*1A/*1A
NA24009	CYP2A6	*1/*1
NA24009	CYP2B6	*1/*1
NA24009	CYP2C8	*1/*1
NA24009	CYP2C9	*1/*1
NA24009	CYP2C19	*2/*9
NA24009	CYP2D6	*29/*29
NA24009	CYP3A4	*1/*1B
NA24009	CYP3A5	*3/*6
NA24009	GSTP1	*A/*A
NA24009	NAT1	*4/*4
NA24009	SLC15A2	*1/*2
NA24009	SLCO1B1	*1B/*1B
NA24009	TPMT	*1/*8
NA24009	UGT1A1	*60/*28
NA24009	UGT2B7	*1/*1
NA24027	CYP2B6	*1/*1
NA24027	CYP2C8	*1/*3
NA24027	CYP2C9	*1/*2
NA24027	CYP2C19	*1/*2
NA24027	CYP2D6	*2x2/*6
NA24027	CYP3A4	*1/*1
NA24027	CYP3A5	*1/*3
NA24027	SLCO1B1	*1/*1
NA24027	TPMT	*1/*1
NA24217	CYP1A1	*1/*1
NA24217	CYP1A2	*1A/*1F
NA24217	CYP2A6	*1/*1
NA24217	CYP2C8	*1/*3
NA24217	CYP2C9	*1/*2
NA24217	CYP2C19	*1/*1
NA24217	CYP2D6	*2/*41x3
NA24217	CYP2E1	*1/*1
NA24217	CYP3A4	*1/*1
NA24217	CYP3A5	*1/*3
NA24217	CYP4F2	*3/*3
NA24217	GSTP1	*A/*A
NA24217	NAT1	*4/*4
NA24217	SLC15A2	*1/*2
NA24217	SLCO1B1	*1/*15
NA24217	TPMT	*1/*1
NA24217	UGT1A1	*60/*28
NA24217	UGT2B7	*1/*1
NA24217	UGT2B15	*1/*1
NA24217	UGT2B17	*2/*2
